3,"2019-05-25 09:03:11",2,18.0,0
3,"2019-05-25 09:03:11",3,65.0,0
3,"2019-05-25 09:13:11",2,19.0,0
3,"2019-05-25 09:13:11",3,65.0,0
3,"2019-05-25 09:23:11",2,18.0,0
3,"2019-05-25 09:23:11",3,62.0,0
3,"2019-05-25 09:33:11",2,19.0,0
3,"2019-05-25 09:33:11",3,62.0,0
3,"2019-05-25 09:43:11",2,19.0,0
3,"2019-05-25 09:43:11",3,64.0,0
3,"2019-05-25 09:53:11",2,19.0,0
3,"2019-05-25 09:53:11",3,62.0,0
3,"2019-05-25 10:03:11",2,19.0,0
3,"2019-05-25 10:03:11",3,62.0,0
3,"2019-05-25 10:13:11",2,19.0,0
3,"2019-05-25 10:13:11",3,62.0,0
3,"2019-05-25 10:23:11",2,19.0,0
3,"2019-05-25 10:23:11",3,63.0,0
3,"2019-05-25 10:33:11",2,19.0,0
3,"2019-05-25 10:33:11",3,62.0,0
3,"2019-05-25 10:43:11",2,19.0,0
3,"2019-05-25 10:43:11",3,62.0,0
3,"2019-05-25 10:53:11",2,19.0,0
3,"2019-05-25 10:53:11",3,62.0,0
3,"2019-05-25 11:03:11",2,18.0,0
3,"2019-05-25 11:03:11",3,69.0,0
3,"2019-05-25 11:13:11",2,18.0,0
3,"2019-05-25 11:13:11",3,69.0,0
3,"2019-05-25 11:23:11",2,18.0,0
3,"2019-05-25 11:23:11",3,74.0,0
3,"2019-05-25 11:33:11",2,18.0,0
3,"2019-05-25 11:33:11",3,74.0,0
3,"2019-05-25 11:43:11",2,18.0,0
3,"2019-05-25 11:43:11",3,74.0,0
3,"2019-05-25 11:53:11",2,18.0,0
3,"2019-05-25 11:53:11",3,74.0,0
3,"2019-05-25 12:03:11",2,18.0,0
3,"2019-05-25 12:03:11",3,74.0,0
3,"2019-05-25 12:13:11",2,18.0,0
3,"2019-05-25 12:13:11",3,73.0,0
3,"2019-05-25 12:23:11",2,19.0,0
3,"2019-05-25 12:23:11",3,70.0,0
3,"2019-05-25 12:33:11",2,18.0,0
3,"2019-05-25 12:33:11",3,70.0,0
3,"2019-05-25 12:43:11",2,18.0,0
3,"2019-05-25 12:43:11",3,71.0,0
3,"2019-05-25 12:53:11",2,18.0,0
3,"2019-05-25 12:53:11",3,74.0,0
3,"2019-05-25 13:03:11",2,19.0,0
3,"2019-05-25 13:03:11",3,74.0,0
3,"2019-05-25 13:13:11",2,19.0,0
3,"2019-05-25 13:13:11",3,70.0,0
3,"2019-05-25 13:23:11",2,19.0,0
3,"2019-05-25 13:23:11",3,68.0,0
3,"2019-05-25 13:33:11",2,19.0,0
3,"2019-05-25 13:33:11",3,69.0,0
3,"2019-05-25 13:43:11",2,19.0,0
3,"2019-05-25 13:43:11",3,69.0,0
3,"2019-05-25 13:53:11",2,19.0,0
3,"2019-05-25 13:53:11",3,68.0,0
3,"2019-05-25 14:03:11",2,19.0,0
3,"2019-05-25 14:03:11",3,69.0,0
3,"2019-05-25 14:13:11",2,19.0,0
3,"2019-05-25 14:13:11",3,72.0,0
3,"2019-05-25 14:23:11",2,19.0,0
3,"2019-05-25 14:23:11",3,70.0,0
3,"2019-05-25 14:33:11",2,19.0,0
3,"2019-05-25 14:33:11",3,71.0,0
3,"2019-05-25 14:43:11",2,19.0,0
3,"2019-05-25 14:43:11",3,72.0,0
3,"2019-05-25 14:53:11",2,19.0,0
3,"2019-05-25 14:53:11",3,71.0,0
3,"2019-05-25 15:03:11",2,19.0,0
3,"2019-05-25 15:03:11",3,71.0,0
3,"2019-05-25 15:13:11",2,19.0,0
3,"2019-05-25 15:13:11",3,71.0,0
3,"2019-05-25 15:23:11",2,19.0,0
3,"2019-05-25 15:23:11",3,71.0,0
3,"2019-05-25 15:33:11",2,19.0,0
3,"2019-05-25 15:33:11",3,71.0,0
3,"2019-05-25 15:43:11",2,19.0,0
3,"2019-05-25 15:43:11",3,70.0,0
3,"2019-05-25 15:53:11",2,19.0,0
3,"2019-05-25 15:53:11",3,71.0,0
3,"2019-05-25 16:03:11",2,19.0,0
3,"2019-05-25 16:03:11",3,71.0,0
3,"2019-05-25 16:13:11",2,19.0,0
3,"2019-05-25 16:13:11",3,70.0,0
3,"2019-05-25 16:23:11",2,20.0,0
3,"2019-05-25 16:23:11",3,71.0,0
3,"2019-05-25 16:33:11",2,19.0,0
3,"2019-05-25 16:33:11",3,71.0,0
3,"2019-05-25 16:43:11",2,19.0,0
3,"2019-05-25 16:43:11",3,71.0,0
3,"2019-05-25 16:53:11",2,19.0,0
3,"2019-05-25 16:53:11",3,70.0,0
3,"2019-05-25 17:03:11",2,19.0,0
3,"2019-05-25 17:03:11",3,71.0,0
3,"2019-05-25 17:13:11",2,19.0,0
3,"2019-05-25 17:13:11",3,71.0,0
3,"2019-05-25 17:23:11",2,19.0,0
3,"2019-05-25 17:23:11",3,71.0,0
3,"2019-05-25 17:33:11",2,19.0,0
3,"2019-05-25 17:33:11",3,71.0,0
3,"2019-05-25 17:43:11",2,19.0,0
3,"2019-05-25 17:43:11",3,71.0,0
3,"2019-05-25 17:53:11",2,19.0,0
3,"2019-05-25 17:53:11",3,70.0,0
3,"2019-05-25 18:03:11",2,19.0,0
3,"2019-05-25 18:03:11",3,70.0,0
3,"2019-05-25 18:13:11",2,19.0,0
3,"2019-05-25 18:13:11",3,71.0,0
3,"2019-05-25 18:23:11",2,20.0,0
3,"2019-05-25 18:23:11",3,71.0,0
3,"2019-05-25 18:33:11",2,19.0,0
3,"2019-05-25 18:33:11",3,71.0,0
3,"2019-05-25 18:43:11",2,19.0,0
3,"2019-05-25 18:43:11",3,71.0,0
3,"2019-05-25 18:53:11",2,19.0,0
3,"2019-05-25 18:53:11",3,71.0,0
3,"2019-05-25 19:03:11",2,19.0,0
3,"2019-05-25 19:03:11",3,71.0,0
3,"2019-05-25 19:13:11",2,19.0,0
3,"2019-05-25 19:13:11",3,69.0,0
3,"2019-05-25 19:23:11",2,19.0,0
3,"2019-05-25 19:23:11",3,74.0,0
3,"2019-05-25 19:33:11",2,19.0,0
3,"2019-05-25 19:33:11",3,73.0,0
3,"2019-05-25 19:43:11",2,19.0,0
3,"2019-05-25 19:43:11",3,81.0,0
3,"2019-05-25 19:53:11",2,19.0,0
3,"2019-05-25 19:53:11",3,89.0,0
3,"2019-05-25 20:03:11",2,20.0,0
3,"2019-05-25 20:03:11",3,85.0,0
3,"2019-05-25 20:13:11",2,20.0,0
3,"2019-05-25 20:13:11",3,75.0,0
3,"2019-05-25 20:23:11",2,19.0,0
3,"2019-05-25 20:23:11",3,74.0,0
3,"2019-05-25 20:33:11",2,18.0,0
3,"2019-05-25 20:33:11",3,74.0,0
3,"2019-05-25 20:43:11",2,18.0,0
3,"2019-05-25 20:43:11",3,75.0,0
3,"2019-05-25 20:53:11",2,18.0,0
3,"2019-05-25 20:53:11",3,75.0,0
3,"2019-05-25 21:03:11",2,18.0,0
3,"2019-05-25 21:03:11",3,76.0,0
3,"2019-05-25 21:13:11",2,18.0,0
3,"2019-05-25 21:13:11",3,76.0,0
3,"2019-05-25 21:23:11",2,18.0,0
3,"2019-05-25 21:23:11",3,75.0,0
3,"2019-05-25 21:33:11",2,19.0,0
3,"2019-05-25 21:33:11",3,74.0,0
3,"2019-05-25 21:43:11",2,19.0,0
3,"2019-05-25 21:43:11",3,76.0,0
3,"2019-05-25 21:53:11",2,19.0,0
3,"2019-05-25 21:53:11",3,74.0,0
3,"2019-05-25 22:03:11",2,20.0,0
3,"2019-05-25 22:03:11",3,84.0,0
3,"2019-05-25 22:13:11",2,20.0,0
3,"2019-05-25 22:13:11",3,86.0,0
3,"2019-05-25 22:23:11",2,20.0,0
3,"2019-05-25 22:23:11",3,79.0,0
3,"2019-05-25 22:33:11",2,20.0,0
3,"2019-05-25 22:33:11",3,67.0,0
3,"2019-05-25 22:43:11",2,20.0,0
3,"2019-05-25 22:43:11",3,69.0,0
3,"2019-05-25 22:53:11",2,19.0,0
3,"2019-05-25 22:53:11",3,69.0,0
3,"2019-05-25 23:03:11",2,19.0,0
3,"2019-05-25 23:03:11",3,68.0,0
3,"2019-05-25 23:13:11",2,19.0,0
3,"2019-05-25 23:13:11",3,69.0,0
3,"2019-05-25 23:23:11",2,18.0,0
3,"2019-05-25 23:23:11",3,69.0,0
3,"2019-05-25 23:33:11",2,18.0,0
3,"2019-05-25 23:33:11",3,69.0,0
3,"2019-05-25 23:43:11",2,18.0,0
3,"2019-05-25 23:43:11",3,69.0,0
3,"2019-05-25 23:53:11",2,18.0,0
3,"2019-05-25 23:53:11",3,69.0,0
3,"2019-05-26 00:03:11",2,18.0,0
3,"2019-05-26 00:03:11",3,69.0,0
3,"2019-05-26 00:13:11",2,18.0,0
3,"2019-05-26 00:13:11",3,69.0,0
3,"2019-05-26 00:23:11",2,18.0,0
3,"2019-05-26 00:23:11",3,70.0,0
3,"2019-05-26 00:33:11",2,18.0,0
3,"2019-05-26 00:33:11",3,70.0,0
3,"2019-05-26 00:43:11",2,18.0,0
3,"2019-05-26 00:43:11",3,69.0,0
3,"2019-05-26 00:53:11",2,18.0,0
3,"2019-05-26 00:53:11",3,69.0,0
3,"2019-05-26 01:03:11",2,18.0,0
3,"2019-05-26 01:03:11",3,70.0,0
3,"2019-05-26 01:13:11",2,18.0,0
3,"2019-05-26 01:13:11",3,69.0,0
3,"2019-05-26 01:23:11",2,18.0,0
3,"2019-05-26 01:23:11",3,70.0,0
3,"2019-05-26 01:33:11",2,18.0,0
3,"2019-05-26 01:33:11",3,70.0,0
3,"2019-05-26 01:43:11",2,17.0,0
3,"2019-05-26 01:43:11",3,70.0,0
3,"2019-05-26 01:53:11",2,18.0,0
3,"2019-05-26 01:53:11",3,70.0,0
3,"2019-05-26 02:03:11",2,17.0,0
3,"2019-05-26 02:03:11",3,70.0,0
3,"2019-05-26 02:13:11",2,17.0,0
3,"2019-05-26 02:13:11",3,70.0,0
3,"2019-05-26 02:23:11",2,18.0,0
3,"2019-05-26 02:23:11",3,70.0,0
3,"2019-05-26 02:33:11",2,17.0,0
3,"2019-05-26 02:33:11",3,70.0,0
3,"2019-05-26 02:43:11",2,17.0,0
3,"2019-05-26 02:43:11",3,70.0,0
3,"2019-05-26 02:53:11",2,17.0,0
3,"2019-05-26 02:53:11",3,69.0,0
3,"2019-05-26 03:03:11",2,17.0,0
3,"2019-05-26 03:03:11",3,69.0,0
3,"2019-05-26 03:13:11",2,17.0,0
3,"2019-05-26 03:13:11",3,69.0,0
3,"2019-05-26 03:23:11",2,17.0,0
3,"2019-05-26 03:23:11",3,69.0,0
3,"2019-05-26 03:33:11",2,17.0,0
3,"2019-05-26 03:33:11",3,69.0,0
3,"2019-05-26 03:43:11",2,17.0,0
3,"2019-05-26 03:43:11",3,70.0,0
3,"2019-05-26 03:53:11",2,17.0,0
3,"2019-05-26 03:53:11",3,69.0,0
3,"2019-05-26 04:03:11",2,17.0,0
3,"2019-05-26 04:03:11",3,69.0,0
3,"2019-05-26 04:13:11",2,17.0,0
3,"2019-05-26 04:13:11",3,69.0,0
3,"2019-05-26 04:23:11",2,17.0,0
3,"2019-05-26 04:23:11",3,70.0,0
3,"2019-05-26 04:33:11",2,17.0,0
3,"2019-05-26 04:33:11",3,70.0,0
3,"2019-05-26 04:43:11",2,17.0,0
3,"2019-05-26 04:43:11",3,69.0,0
3,"2019-05-26 04:53:11",2,17.0,0
3,"2019-05-26 04:53:11",3,69.0,0
3,"2019-05-26 05:03:11",2,17.0,0
3,"2019-05-26 05:03:11",3,70.0,0
3,"2019-05-26 05:13:11",2,17.0,0
3,"2019-05-26 05:13:11",3,69.0,0
3,"2019-05-26 05:23:11",2,17.0,0
3,"2019-05-26 05:23:11",3,69.0,0
3,"2019-05-26 05:33:11",2,17.0,0
3,"2019-05-26 05:33:11",3,70.0,0
3,"2019-05-26 05:43:11",2,17.0,0
3,"2019-05-26 05:43:11",3,70.0,0
3,"2019-05-26 05:53:11",2,17.0,0
3,"2019-05-26 05:53:11",3,70.0,0
3,"2019-05-26 06:03:11",2,17.0,0
3,"2019-05-26 06:03:11",3,70.0,0
3,"2019-05-26 06:13:11",2,17.0,0
3,"2019-05-26 06:13:11",3,70.0,0
3,"2019-05-26 06:23:11",2,17.0,0
3,"2019-05-26 06:23:11",3,70.0,0
3,"2019-05-26 06:33:11",2,17.0,0
3,"2019-05-26 06:33:11",3,70.0,0
3,"2019-05-26 06:43:11",2,17.0,0
3,"2019-05-26 06:43:11",3,69.0,0
3,"2019-05-26 06:53:11",2,17.0,0
3,"2019-05-26 06:53:11",3,69.0,0
3,"2019-05-26 07:03:11",2,17.0,0
3,"2019-05-26 07:03:11",3,71.0,0
3,"2019-05-26 07:13:11",2,18.0,0
3,"2019-05-26 07:13:11",3,71.0,0
3,"2019-05-26 07:23:11",2,18.0,0
3,"2019-05-26 07:23:11",3,70.0,0
3,"2019-05-26 07:33:11",2,18.0,0
3,"2019-05-26 07:33:11",3,68.0,0
3,"2019-05-26 07:43:11",2,19.0,0
3,"2019-05-26 07:43:11",3,67.0,0
3,"2019-05-26 07:53:11",2,19.0,0
3,"2019-05-26 07:53:11",3,64.0,0
3,"2019-05-26 08:03:11",2,19.0,0
3,"2019-05-26 08:03:11",3,64.0,0
3,"2019-05-26 08:13:11",2,19.0,0
3,"2019-05-26 08:13:11",3,64.0,0
3,"2019-05-26 08:23:11",2,19.0,0
3,"2019-05-26 08:23:11",3,64.0,0
3,"2019-05-26 08:33:11",2,19.0,0
3,"2019-05-26 08:33:11",3,64.0,0
3,"2019-05-26 08:43:11",2,19.0,0
3,"2019-05-26 08:43:11",3,64.0,0
3,"2019-05-26 08:53:11",2,19.0,0
3,"2019-05-26 08:53:11",3,62.0,0
3,"2019-05-26 09:03:11",2,19.0,0
3,"2019-05-26 09:03:11",3,62.0,0
3,"2019-05-26 09:13:11",2,19.0,0
3,"2019-05-26 09:13:11",3,63.0,0
3,"2019-05-26 09:23:11",2,19.0,0
3,"2019-05-26 09:23:11",3,63.0,0
3,"2019-05-26 09:33:11",2,19.0,0
3,"2019-05-26 09:33:11",3,64.0,0
3,"2019-05-26 09:43:11",2,19.0,0
3,"2019-05-26 09:43:11",3,63.0,0
3,"2019-05-26 09:53:11",2,19.0,0
3,"2019-05-26 09:53:11",3,62.0,0
3,"2019-05-26 10:03:11",2,19.0,0
3,"2019-05-26 10:03:11",3,63.0,0
3,"2019-05-26 10:13:11",2,19.0,0
3,"2019-05-26 10:13:11",3,62.0,0
3,"2019-05-26 10:23:11",2,19.0,0
3,"2019-05-26 10:23:11",3,63.0,0
3,"2019-05-26 10:33:11",2,19.0,0
3,"2019-05-26 10:33:11",3,62.0,0
3,"2019-05-26 10:43:11",2,19.0,0
3,"2019-05-26 10:43:11",3,63.0,0
3,"2019-05-26 10:53:11",2,19.0,0
3,"2019-05-26 10:53:11",3,63.0,0
3,"2019-05-26 11:03:11",2,20.0,0
3,"2019-05-26 11:03:11",3,61.0,0
3,"2019-05-26 11:13:11",2,20.0,0
3,"2019-05-26 11:13:11",3,64.0,0
3,"2019-05-26 11:23:11",2,20.0,0
3,"2019-05-26 11:23:11",3,63.0,0
3,"2019-05-26 11:33:11",2,20.0,0
3,"2019-05-26 11:33:11",3,75.0,0
3,"2019-05-26 11:43:11",2,20.0,0
3,"2019-05-26 11:43:11",3,64.0,0
3,"2019-05-26 11:53:11",2,20.0,0
3,"2019-05-26 11:53:11",3,66.0,0
3,"2019-05-26 12:03:11",2,20.0,0
3,"2019-05-26 12:03:11",3,64.0,0
3,"2019-05-26 12:13:11",2,21.0,0
3,"2019-05-26 12:13:11",3,64.0,0
3,"2019-05-26 12:23:11",2,21.0,0
3,"2019-05-26 12:23:11",3,65.0,0
3,"2019-05-26 12:33:11",2,21.0,0
3,"2019-05-26 12:33:11",3,57.0,0
3,"2019-05-26 12:43:11",2,21.0,0
3,"2019-05-26 12:43:11",3,61.0,0
3,"2019-05-26 12:53:11",2,21.0,0
3,"2019-05-26 12:53:11",3,64.0,0
3,"2019-05-26 13:03:11",2,21.0,0
3,"2019-05-26 13:03:11",3,65.0,0
3,"2019-05-26 13:13:11",2,21.0,0
3,"2019-05-26 13:13:11",3,62.0,0
3,"2019-05-26 13:23:11",2,21.0,0
3,"2019-05-26 13:23:11",3,56.0,0
3,"2019-05-26 13:33:11",2,21.0,0
3,"2019-05-26 13:33:11",3,54.0,0
3,"2019-05-26 13:43:11",2,21.0,0
3,"2019-05-26 13:43:11",3,59.0,0
3,"2019-05-26 13:53:11",2,21.0,0
3,"2019-05-26 13:53:11",3,61.0,0
3,"2019-05-26 14:03:11",2,21.0,0
3,"2019-05-26 14:03:11",3,61.0,0
3,"2019-05-26 14:13:11",2,21.0,0
3,"2019-05-26 14:13:11",3,62.0,0
3,"2019-05-26 14:23:11",2,21.0,0
3,"2019-05-26 14:23:11",3,63.0,0
3,"2019-05-26 14:33:11",2,21.0,0
3,"2019-05-26 14:33:11",3,74.0,0
3,"2019-05-26 14:43:11",2,21.0,0
3,"2019-05-26 14:43:11",3,71.0,0
3,"2019-05-26 14:53:11",2,21.0,0
3,"2019-05-26 14:53:11",3,72.0,0
3,"2019-05-26 15:03:11",2,20.0,0
3,"2019-05-26 15:03:11",3,65.0,0
3,"2019-05-26 15:13:11",2,20.0,0
3,"2019-05-26 15:13:11",3,64.0,0
3,"2019-05-26 15:23:11",2,20.0,0
3,"2019-05-26 15:23:11",3,64.0,0
3,"2019-05-26 15:33:11",2,20.0,0
3,"2019-05-26 15:33:11",3,65.0,0
3,"2019-05-26 15:43:11",2,19.0,0
3,"2019-05-26 15:43:11",3,64.0,0
3,"2019-05-26 15:53:11",2,20.0,0
3,"2019-05-26 15:53:11",3,61.0,0
3,"2019-05-26 16:03:11",2,20.0,0
3,"2019-05-26 16:03:11",3,64.0,0
3,"2019-05-26 16:13:11",2,19.0,0
3,"2019-05-26 16:13:11",3,64.0,0
3,"2019-05-26 16:23:11",2,19.0,0
3,"2019-05-26 16:23:11",3,65.0,0
3,"2019-05-26 16:33:11",2,19.0,0
3,"2019-05-26 16:33:11",3,65.0,0
3,"2019-05-26 16:43:11",2,19.0,0
3,"2019-05-26 16:43:11",3,66.0,0
3,"2019-05-26 16:53:11",2,19.0,0
3,"2019-05-26 16:53:11",3,64.0,0
3,"2019-05-26 17:03:11",2,19.0,0
3,"2019-05-26 17:03:11",3,65.0,0
3,"2019-05-26 17:13:11",2,19.0,0
3,"2019-05-26 17:13:11",3,65.0,0
3,"2019-05-26 17:23:11",2,19.0,0
3,"2019-05-26 17:23:11",3,64.0,0
3,"2019-05-26 17:33:11",2,19.0,0
3,"2019-05-26 17:33:11",3,65.0,0
3,"2019-05-26 17:43:11",2,18.0,0
3,"2019-05-26 17:43:11",3,65.0,0
3,"2019-05-26 17:53:11",2,18.0,0
3,"2019-05-26 17:53:11",3,65.0,0
3,"2019-05-26 18:03:11",2,18.0,0
3,"2019-05-26 18:03:11",3,65.0,0
3,"2019-05-26 18:13:11",2,18.0,0
3,"2019-05-26 18:13:11",3,66.0,0
3,"2019-05-26 18:23:11",2,18.0,0
3,"2019-05-26 18:23:11",3,67.0,0
3,"2019-05-26 18:33:11",2,18.0,0
3,"2019-05-26 18:33:11",3,66.0,0
3,"2019-05-26 18:43:11",2,18.0,0
3,"2019-05-26 18:43:11",3,68.0,0
3,"2019-05-26 18:53:11",2,18.0,0
3,"2019-05-26 18:53:11",3,67.0,0
3,"2019-05-26 19:03:11",2,18.0,0
3,"2019-05-26 19:03:11",3,68.0,0
3,"2019-05-26 19:13:11",2,19.0,0
3,"2019-05-26 19:13:11",3,79.0,0
3,"2019-05-26 19:23:11",2,19.0,0
3,"2019-05-26 19:23:11",3,77.0,0
3,"2019-05-26 19:33:11",2,20.0,0
3,"2019-05-26 19:33:11",3,75.0,0
3,"2019-05-26 19:43:11",2,20.0,0
3,"2019-05-26 19:43:11",3,70.0,0
3,"2019-05-26 19:53:11",2,20.0,0
3,"2019-05-26 19:53:11",3,69.0,0
3,"2019-05-26 20:03:11",2,20.0,0
3,"2019-05-26 20:03:11",3,68.0,0
3,"2019-05-26 20:13:11",2,20.0,0
3,"2019-05-26 20:13:11",3,68.0,0
3,"2019-05-26 20:23:11",2,20.0,0
3,"2019-05-26 20:23:11",3,67.0,0
3,"2019-05-26 20:33:11",2,20.0,0
3,"2019-05-26 20:33:11",3,67.0,0
3,"2019-05-26 20:43:11",2,19.0,0
3,"2019-05-26 20:43:11",3,66.0,0
3,"2019-05-26 20:53:11",2,20.0,0
3,"2019-05-26 20:53:11",3,66.0,0
3,"2019-05-26 21:03:11",2,20.0,0
3,"2019-05-26 21:03:11",3,66.0,0
3,"2019-05-26 21:13:11",2,20.0,0
3,"2019-05-26 21:13:11",3,66.0,0
3,"2019-05-26 21:23:11",2,20.0,0
3,"2019-05-26 21:23:11",3,65.0,0
3,"2019-05-26 21:33:11",2,20.0,0
3,"2019-05-26 21:33:11",3,65.0,0
3,"2019-05-26 21:43:11",2,20.0,0
3,"2019-05-26 21:43:11",3,65.0,0
3,"2019-05-26 21:53:11",2,20.0,0
3,"2019-05-26 21:53:11",3,64.0,0
3,"2019-05-26 22:03:11",2,20.0,0
3,"2019-05-26 22:03:11",3,64.0,0
3,"2019-05-26 22:13:11",2,20.0,0
3,"2019-05-26 22:13:11",3,64.0,0
3,"2019-05-26 22:23:11",2,20.0,0
3,"2019-05-26 22:23:11",3,64.0,0
3,"2019-05-26 22:33:11",2,19.0,0
3,"2019-05-26 22:33:11",3,64.0,0
3,"2019-05-26 22:43:11",2,20.0,0
3,"2019-05-26 22:43:11",3,64.0,0
3,"2019-05-26 22:53:11",2,20.0,0
3,"2019-05-26 22:53:11",3,64.0,0
3,"2019-05-26 23:03:11",2,20.0,0
3,"2019-05-26 23:03:11",3,63.0,0
3,"2019-05-26 23:13:11",2,20.0,0
3,"2019-05-26 23:13:11",3,63.0,0
3,"2019-05-26 23:23:11",2,20.0,0
3,"2019-05-26 23:23:11",3,63.0,0
3,"2019-05-26 23:33:11",2,20.0,0
3,"2019-05-26 23:33:11",3,63.0,0
3,"2019-05-26 23:43:11",2,20.0,0
3,"2019-05-26 23:43:11",3,63.0,0
3,"2019-05-26 23:53:11",2,20.0,0
3,"2019-05-26 23:53:11",3,63.0,0
3,"2019-05-27 00:03:11",2,20.0,0
3,"2019-05-27 00:03:11",3,63.0,0
3,"2019-05-27 00:13:11",2,20.0,0
3,"2019-05-27 00:13:11",3,63.0,0
3,"2019-05-27 00:23:11",2,20.0,0
3,"2019-05-27 00:23:11",3,63.0,0
3,"2019-05-27 00:33:11",2,19.0,0
3,"2019-05-27 00:33:11",3,63.0,0
3,"2019-05-27 00:43:11",2,20.0,0
3,"2019-05-27 00:43:11",3,63.0,0
3,"2019-05-27 00:53:11",2,19.0,0
3,"2019-05-27 00:53:11",3,63.0,0
3,"2019-05-27 01:03:11",2,19.0,0
3,"2019-05-27 01:03:11",3,63.0,0
3,"2019-05-27 01:13:11",2,19.0,0
3,"2019-05-27 01:13:11",3,63.0,0
3,"2019-05-27 01:23:11",2,19.0,0
3,"2019-05-27 01:23:11",3,63.0,0
3,"2019-05-27 01:33:11",2,19.0,0
3,"2019-05-27 01:33:11",3,63.0,0
3,"2019-05-27 01:43:11",2,19.0,0
3,"2019-05-27 01:43:11",3,63.0,0
3,"2019-05-27 01:53:11",2,19.0,0
3,"2019-05-27 01:53:11",3,63.0,0
3,"2019-05-27 02:03:11",2,19.0,0
3,"2019-05-27 02:03:11",3,63.0,0
3,"2019-05-27 02:13:11",2,19.0,0
3,"2019-05-27 02:13:11",3,63.0,0
3,"2019-05-27 02:23:11",2,19.0,0
3,"2019-05-27 02:23:11",3,63.0,0
3,"2019-05-27 02:33:11",2,19.0,0
3,"2019-05-27 02:33:11",3,64.0,0
3,"2019-05-27 02:43:11",2,19.0,0
3,"2019-05-27 02:43:11",3,64.0,0
3,"2019-05-27 02:53:11",2,19.0,0
3,"2019-05-27 02:53:11",3,64.0,0
3,"2019-05-27 03:03:11",2,19.0,0
3,"2019-05-27 03:03:11",3,64.0,0
3,"2019-05-27 03:13:11",2,19.0,0
3,"2019-05-27 03:13:11",3,63.0,0
3,"2019-05-27 03:23:11",2,19.0,0
3,"2019-05-27 03:23:11",3,63.0,0
3,"2019-05-27 03:33:11",2,19.0,0
3,"2019-05-27 03:33:11",3,63.0,0
3,"2019-05-27 03:43:11",2,19.0,0
3,"2019-05-27 03:43:11",3,64.0,0
3,"2019-05-27 03:53:11",2,19.0,0
3,"2019-05-27 03:53:11",3,64.0,0
3,"2019-05-27 04:03:11",2,19.0,0
3,"2019-05-27 04:03:11",3,64.0,0
3,"2019-05-27 04:13:11",2,19.0,0
3,"2019-05-27 04:13:11",3,65.0,0
3,"2019-05-27 04:23:11",2,19.0,0
3,"2019-05-27 04:23:11",3,66.0,0
3,"2019-05-27 04:33:11",2,19.0,0
3,"2019-05-27 04:33:11",3,66.0,0
3,"2019-05-27 04:43:11",2,20.0,0
3,"2019-05-27 04:43:11",3,66.0,0
3,"2019-05-27 04:53:11",2,18.0,0
3,"2019-05-27 04:53:11",3,67.0,0
3,"2019-05-27 05:03:11",2,18.0,0
3,"2019-05-27 05:03:11",3,67.0,0
3,"2019-05-27 05:13:11",2,17.0,0
3,"2019-05-27 05:13:11",3,68.0,0
3,"2019-05-27 05:23:11",2,17.0,0
3,"2019-05-27 05:23:11",3,67.0,0
3,"2019-05-27 05:33:11",2,18.0,0
3,"2019-05-27 05:33:11",3,68.0,0
3,"2019-05-27 05:43:11",2,17.0,0
3,"2019-05-27 05:43:11",3,67.0,0
3,"2019-05-27 05:53:11",2,18.0,0
3,"2019-05-27 05:53:11",3,68.0,0
3,"2019-05-27 06:03:11",2,18.0,0
3,"2019-05-27 06:03:11",3,67.0,0
3,"2019-05-27 06:13:11",2,18.0,0
3,"2019-05-27 06:13:11",3,67.0,0
3,"2019-05-27 06:23:11",2,18.0,0
3,"2019-05-27 06:23:11",3,66.0,0
3,"2019-05-27 06:33:11",2,18.0,0
3,"2019-05-27 06:33:11",3,64.0,0
3,"2019-05-27 06:43:11",2,18.0,0
3,"2019-05-27 06:43:11",3,62.0,0
3,"2019-05-27 06:53:11",2,18.0,0
3,"2019-05-27 06:53:11",3,60.0,0
3,"2019-05-27 07:03:11",2,19.0,0
3,"2019-05-27 07:03:11",3,60.0,0
3,"2019-05-27 07:13:11",2,19.0,0
3,"2019-05-27 07:13:11",3,59.0,0
3,"2019-05-27 07:23:11",2,19.0,0
3,"2019-05-27 07:23:11",3,58.0,0
3,"2019-05-27 07:33:11",2,19.0,0
3,"2019-05-27 07:33:11",3,58.0,0
3,"2019-05-27 07:43:11",2,19.0,0
3,"2019-05-27 07:43:11",3,57.0,0
3,"2019-05-27 07:53:11",2,20.0,0
3,"2019-05-27 07:53:11",3,57.0,0
3,"2019-05-27 08:03:11",2,20.0,0
3,"2019-05-27 08:03:11",3,60.0,0
3,"2019-05-27 08:13:11",2,20.0,0
3,"2019-05-27 08:13:11",3,61.0,0
3,"2019-05-27 08:23:11",2,20.0,0
3,"2019-05-27 08:23:11",3,63.0,0
3,"2019-05-27 08:33:11",2,20.0,0
3,"2019-05-27 08:33:11",3,63.0,0
3,"2019-05-27 08:43:11",2,20.0,0
3,"2019-05-27 08:43:11",3,63.0,0
3,"2019-05-27 08:53:11",2,20.0,0
3,"2019-05-27 08:53:11",3,62.0,0
3,"2019-05-27 09:03:11",2,20.0,0
3,"2019-05-27 09:03:11",3,61.0,0
3,"2019-05-27 09:13:11",2,20.0,0
3,"2019-05-27 09:13:11",3,59.0,0
3,"2019-05-27 09:23:11",2,20.0,0
3,"2019-05-27 09:23:11",3,61.0,0
3,"2019-05-27 09:33:11",2,20.0,0
3,"2019-05-27 09:33:11",3,61.0,0
3,"2019-05-27 09:43:11",2,20.0,0
3,"2019-05-27 09:43:11",3,61.0,0
3,"2019-05-27 09:53:11",2,20.0,0
3,"2019-05-27 09:53:11",3,61.0,0
3,"2019-05-27 10:03:11",2,20.0,0
3,"2019-05-27 10:03:11",3,60.0,0
3,"2019-05-27 10:13:11",2,20.0,0
3,"2019-05-27 10:13:11",3,60.0,0
3,"2019-05-27 10:23:11",2,20.0,0
3,"2019-05-27 10:23:11",3,59.0,0
3,"2019-05-27 10:33:11",2,20.0,0
3,"2019-05-27 10:33:11",3,59.0,0
3,"2019-05-27 10:43:11",2,20.0,0
3,"2019-05-27 10:43:11",3,58.0,0
3,"2019-05-27 10:53:11",2,20.0,0
3,"2019-05-27 10:53:11",3,59.0,0
3,"2019-05-27 11:03:11",2,21.0,0
3,"2019-05-27 11:03:11",3,62.0,0
3,"2019-05-27 11:13:11",2,21.0,0
3,"2019-05-27 11:13:11",3,62.0,0
3,"2019-05-27 11:23:11",2,21.0,0
3,"2019-05-27 11:23:11",3,60.0,0
3,"2019-05-27 11:33:11",2,21.0,0
3,"2019-05-27 11:33:11",3,60.0,0
3,"2019-05-27 11:43:11",2,21.0,0
3,"2019-05-27 11:43:11",3,61.0,0
3,"2019-05-27 11:53:11",2,21.0,0
3,"2019-05-27 11:53:11",3,67.0,0
3,"2019-05-27 12:03:11",2,21.0,0
3,"2019-05-27 12:03:11",3,62.0,0
3,"2019-05-27 12:13:11",2,21.0,0
3,"2019-05-27 12:13:11",3,63.0,0
3,"2019-05-27 12:23:11",2,21.0,0
3,"2019-05-27 12:23:11",3,63.0,0
3,"2019-05-27 12:33:11",2,21.0,0
3,"2019-05-27 12:33:11",3,63.0,0
3,"2019-05-27 12:43:11",2,21.0,0
3,"2019-05-27 12:43:11",3,62.0,0
3,"2019-05-27 12:53:11",2,20.0,0
3,"2019-05-27 12:53:11",3,62.0,0
3,"2019-05-27 13:03:11",2,21.0,0
3,"2019-05-27 13:03:11",3,61.0,0
3,"2019-05-27 13:13:11",2,20.0,0
3,"2019-05-27 13:13:11",3,63.0,0
3,"2019-05-27 13:23:11",2,20.0,0
3,"2019-05-27 13:23:11",3,64.0,0
3,"2019-05-27 13:33:11",2,20.0,0
3,"2019-05-27 13:33:11",3,64.0,0
3,"2019-05-27 13:43:11",2,20.0,0
3,"2019-05-27 13:43:11",3,63.0,0
3,"2019-05-27 13:53:11",2,20.0,0
3,"2019-05-27 13:53:11",3,61.0,0
3,"2019-05-27 14:03:11",2,20.0,0
3,"2019-05-27 14:03:11",3,62.0,0
3,"2019-05-27 14:13:11",2,20.0,0
3,"2019-05-27 14:13:11",3,64.0,0
3,"2019-05-27 14:23:11",2,20.0,0
3,"2019-05-27 14:23:11",3,65.0,0
3,"2019-05-27 14:33:11",2,20.0,0
3,"2019-05-27 14:33:11",3,63.0,0
3,"2019-05-27 14:43:11",2,20.0,0
3,"2019-05-27 14:43:11",3,64.0,0
3,"2019-05-27 14:53:11",2,20.0,0
3,"2019-05-27 14:53:11",3,65.0,0
3,"2019-05-27 15:03:11",2,20.0,0
3,"2019-05-27 15:03:11",3,65.0,0
3,"2019-05-27 15:13:11",2,20.0,0
3,"2019-05-27 15:13:11",3,65.0,0
3,"2019-05-27 15:23:11",2,20.0,0
3,"2019-05-27 15:23:11",3,66.0,0
3,"2019-05-27 15:33:11",2,20.0,0
3,"2019-05-27 15:33:11",3,66.0,0
3,"2019-05-27 15:43:11",2,20.0,0
3,"2019-05-27 15:43:11",3,66.0,0
3,"2019-05-27 15:53:11",2,20.0,0
3,"2019-05-27 15:53:11",3,66.0,0
3,"2019-05-27 16:03:11",2,20.0,0
3,"2019-05-27 16:03:11",3,66.0,0
3,"2019-05-27 16:13:11",2,20.0,0
3,"2019-05-27 16:13:11",3,66.0,0
3,"2019-05-27 16:23:11",2,19.0,0
3,"2019-05-27 16:23:11",3,67.0,0
3,"2019-05-27 16:33:11",2,19.0,0
3,"2019-05-27 16:33:11",3,67.0,0
3,"2019-05-27 16:43:11",2,19.0,0
3,"2019-05-27 16:43:11",3,67.0,0
3,"2019-05-27 16:53:11",2,19.0,0
3,"2019-05-27 16:53:11",3,64.0,0
3,"2019-05-27 17:03:11",2,19.0,0
3,"2019-05-27 17:03:11",3,61.0,0
3,"2019-05-27 17:13:11",2,19.0,0
3,"2019-05-27 17:13:11",3,65.0,0
3,"2019-05-27 17:23:11",2,19.0,0
3,"2019-05-27 17:23:11",3,67.0,0
3,"2019-05-27 17:33:11",2,19.0,0
3,"2019-05-27 17:33:11",3,68.0,0
3,"2019-05-27 17:43:11",2,19.0,0
3,"2019-05-27 17:43:11",3,67.0,0
3,"2019-05-27 17:53:11",2,19.0,0
3,"2019-05-27 17:53:11",3,67.0,0
3,"2019-05-27 18:03:11",2,20.0,0
3,"2019-05-27 18:03:11",3,67.0,0
3,"2019-05-27 18:13:11",2,19.0,0
3,"2019-05-27 18:13:11",3,67.0,0
3,"2019-05-27 18:23:11",2,20.0,0
3,"2019-05-27 18:23:11",3,67.0,0
3,"2019-05-27 18:33:11",2,20.0,0
3,"2019-05-27 18:33:11",3,68.0,0
3,"2019-05-27 18:43:11",2,20.0,0
3,"2019-05-27 18:43:11",3,67.0,0
3,"2019-05-27 18:53:11",2,20.0,0
3,"2019-05-27 18:53:11",3,68.0,0
3,"2019-05-27 19:03:11",2,20.0,0
3,"2019-05-27 19:03:11",3,68.0,0
3,"2019-05-27 19:13:11",2,20.0,0
3,"2019-05-27 19:13:11",3,68.0,0
3,"2019-05-27 19:23:11",2,20.0,0
3,"2019-05-27 19:23:11",3,69.0,0
3,"2019-05-27 19:33:11",2,20.0,0
3,"2019-05-27 19:33:11",3,70.0,0
3,"2019-05-27 19:43:11",2,20.0,0
3,"2019-05-27 19:43:11",3,69.0,0
3,"2019-05-27 19:53:11",2,20.0,0
3,"2019-05-27 19:53:11",3,69.0,0
3,"2019-05-27 20:03:11",2,20.0,0
3,"2019-05-27 20:03:11",3,69.0,0
3,"2019-05-27 20:13:11",2,20.0,0
3,"2019-05-27 20:13:11",3,73.0,0
3,"2019-05-27 20:23:11",2,21.0,0
3,"2019-05-27 20:23:11",3,71.0,0
3,"2019-05-27 20:33:11",2,21.0,0
3,"2019-05-27 20:33:11",3,69.0,0
3,"2019-05-27 20:43:11",2,20.0,0
3,"2019-05-27 20:43:11",3,67.0,0
3,"2019-05-27 20:53:11",2,21.0,0
3,"2019-05-27 20:53:11",3,66.0,0
3,"2019-05-27 21:03:11",2,20.0,0
3,"2019-05-27 21:03:11",3,66.0,0
3,"2019-05-27 21:13:11",2,20.0,0
3,"2019-05-27 21:13:11",3,66.0,0
3,"2019-05-27 21:23:11",2,20.0,0
3,"2019-05-27 21:23:11",3,66.0,0
3,"2019-05-27 21:33:11",2,20.0,0
3,"2019-05-27 21:33:11",3,65.0,0
3,"2019-05-27 21:43:11",2,20.0,0
3,"2019-05-27 21:43:11",3,64.0,0
3,"2019-05-27 21:53:11",2,20.0,0
3,"2019-05-27 21:53:11",3,64.0,0
3,"2019-05-27 22:03:11",2,20.0,0
3,"2019-05-27 22:03:11",3,64.0,0
3,"2019-05-27 22:13:11",2,20.0,0
3,"2019-05-27 22:13:11",3,63.0,0
3,"2019-05-27 22:23:11",2,20.0,0
3,"2019-05-27 22:23:11",3,64.0,0
3,"2019-05-27 22:33:11",2,20.0,0
3,"2019-05-27 22:33:11",3,64.0,0
3,"2019-05-27 22:43:11",2,20.0,0
3,"2019-05-27 22:43:11",3,64.0,0
3,"2019-05-27 22:53:11",2,20.0,0
3,"2019-05-27 22:53:11",3,64.0,0
3,"2019-05-27 23:03:11",2,20.0,0
3,"2019-05-27 23:03:11",3,63.0,0
3,"2019-05-27 23:13:11",2,20.0,0
3,"2019-05-27 23:13:11",3,64.0,0
3,"2019-05-27 23:23:11",2,20.0,0
3,"2019-05-27 23:23:11",3,63.0,0
3,"2019-05-27 23:33:11",2,20.0,0
3,"2019-05-27 23:33:11",3,63.0,0
3,"2019-05-27 23:43:11",2,20.0,0
3,"2019-05-27 23:43:11",3,64.0,0
3,"2019-05-27 23:53:11",2,20.0,0
3,"2019-05-27 23:53:11",3,63.0,0
3,"2019-05-28 00:03:11",2,20.0,0
3,"2019-05-28 00:03:11",3,63.0,0
3,"2019-05-28 00:13:11",2,20.0,0
3,"2019-05-28 00:13:11",3,63.0,0
3,"2019-05-28 00:23:11",2,20.0,0
3,"2019-05-28 00:23:11",3,63.0,0
3,"2019-05-28 00:33:11",2,20.0,0
3,"2019-05-28 00:33:11",3,63.0,0
3,"2019-05-28 00:43:11",2,20.0,0
3,"2019-05-28 00:43:11",3,64.0,0
3,"2019-05-28 00:53:11",2,20.0,0
3,"2019-05-28 00:53:11",3,64.0,0
3,"2019-05-28 01:03:11",2,20.0,0
3,"2019-05-28 01:03:11",3,64.0,0
3,"2019-05-28 01:13:11",2,20.0,0
3,"2019-05-28 01:13:11",3,64.0,0
3,"2019-05-28 01:23:11",2,20.0,0
3,"2019-05-28 01:23:11",3,64.0,0
3,"2019-05-28 01:33:11",2,20.0,0
3,"2019-05-28 01:33:11",3,64.0,0
3,"2019-05-28 01:43:11",2,20.0,0
3,"2019-05-28 01:43:11",3,64.0,0
3,"2019-05-28 01:53:11",2,20.0,0
3,"2019-05-28 01:53:11",3,64.0,0
3,"2019-05-28 02:03:11",2,20.0,0
3,"2019-05-28 02:03:11",3,64.0,0
3,"2019-05-28 02:13:11",2,20.0,0
3,"2019-05-28 02:13:11",3,64.0,0
3,"2019-05-28 02:23:11",2,20.0,0
3,"2019-05-28 02:23:11",3,63.0,0
3,"2019-05-28 02:33:11",2,20.0,0
3,"2019-05-28 02:33:11",3,63.0,0
3,"2019-05-28 02:43:11",2,20.0,0
3,"2019-05-28 02:43:11",3,63.0,0
3,"2019-05-28 02:53:11",2,20.0,0
3,"2019-05-28 02:53:11",3,63.0,0
3,"2019-05-28 03:03:11",2,19.0,0
3,"2019-05-28 03:03:11",3,63.0,0
3,"2019-05-28 03:13:11",2,20.0,0
3,"2019-05-28 03:13:11",3,64.0,0
3,"2019-05-28 03:23:11",2,20.0,0
3,"2019-05-28 03:23:11",3,64.0,0
3,"2019-05-28 03:33:11",2,20.0,0
3,"2019-05-28 03:33:11",3,63.0,0
3,"2019-05-28 03:43:11",2,20.0,0
3,"2019-05-28 03:43:11",3,63.0,0
3,"2019-05-28 03:53:11",2,20.0,0
3,"2019-05-28 03:53:11",3,64.0,0
3,"2019-05-28 04:03:11",2,20.0,0
3,"2019-05-28 04:03:11",3,64.0,0
3,"2019-05-28 04:13:11",2,20.0,0
3,"2019-05-28 04:13:11",3,64.0,0
3,"2019-05-28 04:23:11",2,20.0,0
3,"2019-05-28 04:23:11",3,64.0,0
3,"2019-05-28 04:33:11",2,20.0,0
3,"2019-05-28 04:33:11",3,63.0,0
3,"2019-05-28 04:43:11",2,20.0,0
3,"2019-05-28 04:43:11",3,65.0,0
3,"2019-05-28 04:53:11",2,21.0,0
3,"2019-05-28 04:53:11",3,66.0,0
3,"2019-05-28 05:03:11",2,21.0,0
3,"2019-05-28 05:03:11",3,56.0,0
3,"2019-05-28 05:13:11",2,20.0,0
3,"2019-05-28 05:13:11",3,55.0,0
3,"2019-05-28 05:23:11",2,20.0,0
3,"2019-05-28 05:23:11",3,55.0,0
3,"2019-05-28 05:33:11",2,20.0,0
3,"2019-05-28 05:33:11",3,57.0,0
3,"2019-05-28 05:43:11",2,20.0,0
3,"2019-05-28 05:43:11",3,58.0,0
3,"2019-05-28 05:53:11",2,20.0,0
3,"2019-05-28 05:53:11",3,56.0,0
3,"2019-05-28 06:03:11",2,20.0,0
3,"2019-05-28 06:03:11",3,57.0,0
3,"2019-05-28 06:13:11",2,20.0,0
3,"2019-05-28 06:13:11",3,56.0,0
3,"2019-05-28 06:23:11",2,20.0,0
3,"2019-05-28 06:23:11",3,55.0,0
3,"2019-05-28 06:33:11",2,20.0,0
3,"2019-05-28 06:33:11",3,55.0,0
3,"2019-05-28 06:43:11",2,20.0,0
3,"2019-05-28 06:43:11",3,58.0,0
3,"2019-05-28 06:53:11",2,20.0,0
3,"2019-05-28 06:53:11",3,58.0,0
3,"2019-05-28 07:03:11",2,20.0,0
3,"2019-05-28 07:03:11",3,62.0,0
3,"2019-05-28 07:13:11",2,21.0,0
3,"2019-05-28 07:13:11",3,62.0,0
3,"2019-05-28 07:23:11",2,20.0,0
3,"2019-05-28 07:23:11",3,57.0,0
3,"2019-05-28 07:33:11",2,20.0,0
3,"2019-05-28 07:33:11",3,56.0,0
3,"2019-05-28 07:43:11",2,20.0,0
3,"2019-05-28 07:43:11",3,55.0,0
3,"2019-05-28 07:53:11",2,20.0,0
3,"2019-05-28 07:53:11",3,55.0,0
3,"2019-05-28 08:03:11",2,20.0,0
3,"2019-05-28 08:03:11",3,56.0,0
3,"2019-05-28 08:13:11",2,20.0,0
3,"2019-05-28 08:13:11",3,58.0,0
3,"2019-05-28 08:23:11",2,20.0,0
3,"2019-05-28 08:23:11",3,54.0,0
3,"2019-05-28 08:33:11",2,20.0,0
3,"2019-05-28 08:33:11",3,53.0,0
3,"2019-05-28 08:43:11",2,20.0,0
3,"2019-05-28 08:43:11",3,55.0,0
3,"2019-05-28 08:53:11",2,20.0,0
3,"2019-05-28 08:53:11",3,51.0,0
3,"2019-05-28 09:03:11",2,21.0,0
3,"2019-05-28 09:03:11",3,54.0,0
3,"2019-05-28 09:13:11",2,21.0,0
3,"2019-05-28 09:13:11",3,55.0,0
3,"2019-05-28 09:23:11",2,21.0,0
3,"2019-05-28 09:23:11",3,56.0,0
3,"2019-05-28 09:33:11",2,21.0,0
3,"2019-05-28 09:33:11",3,54.0,0
3,"2019-05-28 09:43:11",2,20.0,0
3,"2019-05-28 09:43:11",3,53.0,0
3,"2019-05-28 09:53:11",2,20.0,0
3,"2019-05-28 09:53:11",3,54.0,0
3,"2019-05-28 10:03:11",2,21.0,0
3,"2019-05-28 10:03:11",3,53.0,0
3,"2019-05-28 10:13:11",2,21.0,0
3,"2019-05-28 10:13:11",3,56.0,0
3,"2019-05-28 10:23:11",2,21.0,0
3,"2019-05-28 10:23:11",3,43.0,0
3,"2019-05-28 10:33:11",2,21.0,0
3,"2019-05-28 10:33:11",3,60.0,0
3,"2019-05-28 10:43:11",2,21.0,0
3,"2019-05-28 10:43:11",3,62.0,0
3,"2019-05-28 10:53:11",2,21.0,0
3,"2019-05-28 10:53:11",3,61.0,0
3,"2019-05-28 11:03:11",2,21.0,0
3,"2019-05-28 11:03:11",3,63.0,0
3,"2019-05-28 11:13:11",2,21.0,0
3,"2019-05-28 11:13:11",3,62.0,0
3,"2019-05-28 11:23:11",2,21.0,0
3,"2019-05-28 11:23:11",3,62.0,0
3,"2019-05-28 11:33:11",2,21.0,0
3,"2019-05-28 11:33:11",3,62.0,0
3,"2019-05-28 11:43:11",2,21.0,0
3,"2019-05-28 11:43:11",3,61.0,0
3,"2019-05-28 11:53:11",2,21.0,0
3,"2019-05-28 11:53:11",3,59.0,0
3,"2019-05-28 12:03:11",2,21.0,0
3,"2019-05-28 12:03:11",3,60.0,0
3,"2019-05-28 12:13:11",2,21.0,0
3,"2019-05-28 12:13:11",3,59.0,0
3,"2019-05-28 12:23:11",2,20.0,0
3,"2019-05-28 12:23:11",3,57.0,0
3,"2019-05-28 12:33:11",2,20.0,0
3,"2019-05-28 12:33:11",3,56.0,0
3,"2019-05-28 12:43:11",2,20.0,0
3,"2019-05-28 12:43:11",3,56.0,0
3,"2019-05-28 12:53:11",2,20.0,0
3,"2019-05-28 12:53:11",3,58.0,0
3,"2019-05-28 13:03:11",2,21.0,0
3,"2019-05-28 13:03:11",3,58.0,0
3,"2019-05-28 13:13:11",2,21.0,0
3,"2019-05-28 13:13:11",3,57.0,0
3,"2019-05-28 13:23:11",2,20.0,0
3,"2019-05-28 13:23:11",3,54.0,0
3,"2019-05-28 13:33:11",2,20.0,0
3,"2019-05-28 13:33:11",3,53.0,0
3,"2019-05-28 13:43:11",2,20.0,0
3,"2019-05-28 13:43:11",3,55.0,0
3,"2019-05-28 13:53:11",2,21.0,0
3,"2019-05-28 13:53:11",3,56.0,0
3,"2019-05-28 14:03:11",2,21.0,0
3,"2019-05-28 14:03:11",3,59.0,0
3,"2019-05-28 14:13:11",2,20.0,0
3,"2019-05-28 14:13:11",3,55.0,0
3,"2019-05-28 14:23:11",2,20.0,0
3,"2019-05-28 14:23:11",3,55.0,0
3,"2019-05-28 14:33:11",2,20.0,0
3,"2019-05-28 14:33:11",3,55.0,0
3,"2019-05-28 14:43:11",2,20.0,0
3,"2019-05-28 14:43:11",3,58.0,0
3,"2019-05-28 14:53:11",2,20.0,0
3,"2019-05-28 14:53:11",3,58.0,0
3,"2019-05-28 15:03:11",2,20.0,0
3,"2019-05-28 15:03:11",3,58.0,0
3,"2019-05-28 15:13:11",2,20.0,0
3,"2019-05-28 15:13:11",3,59.0,0
3,"2019-05-28 15:23:11",2,20.0,0
3,"2019-05-28 15:23:11",3,60.0,0
3,"2019-05-28 15:33:11",2,20.0,0
3,"2019-05-28 15:33:11",3,61.0,0
3,"2019-05-28 15:43:11",2,20.0,0
3,"2019-05-28 15:43:11",3,63.0,0
3,"2019-05-28 15:53:11",2,20.0,0
3,"2019-05-28 15:53:11",3,63.0,0
3,"2019-05-28 16:03:11",2,20.0,0
3,"2019-05-28 16:03:11",3,64.0,0
3,"2019-05-28 16:13:11",2,19.0,0
3,"2019-05-28 16:13:11",3,65.0,0
3,"2019-05-28 16:23:11",2,19.0,0
3,"2019-05-28 16:23:11",3,65.0,0
3,"2019-05-28 16:33:11",2,19.0,0
3,"2019-05-28 16:33:11",3,65.0,0
3,"2019-05-28 16:43:11",2,19.0,0
3,"2019-05-28 16:43:11",3,65.0,0
3,"2019-05-28 16:53:11",2,19.0,0
3,"2019-05-28 16:53:11",3,64.0,0
3,"2019-05-28 17:03:11",2,19.0,0
3,"2019-05-28 17:03:11",3,64.0,0
3,"2019-05-28 17:13:11",2,19.0,0
3,"2019-05-28 17:13:11",3,64.0,0
3,"2019-05-28 17:23:11",2,19.0,0
3,"2019-05-28 17:23:11",3,64.0,0
3,"2019-05-28 17:33:11",2,19.0,0
3,"2019-05-28 17:33:11",3,64.0,0
3,"2019-05-28 17:43:11",2,19.0,0
3,"2019-05-28 17:43:11",3,64.0,0
3,"2019-05-28 17:53:11",2,19.0,0
3,"2019-05-28 17:53:11",3,63.0,0
3,"2019-05-28 18:03:11",2,19.0,0
3,"2019-05-28 18:03:11",3,63.0,0
3,"2019-05-28 18:13:11",2,19.0,0
3,"2019-05-28 18:13:11",3,63.0,0
3,"2019-05-28 18:23:11",2,19.0,0
3,"2019-05-28 18:23:11",3,63.0,0
3,"2019-05-28 18:33:11",2,19.0,0
3,"2019-05-28 18:33:11",3,63.0,0
3,"2019-05-28 18:43:11",2,19.0,0
3,"2019-05-28 18:43:11",3,62.0,0
3,"2019-05-28 18:53:11",2,19.0,0
3,"2019-05-28 18:53:11",3,62.0,0
3,"2019-05-28 19:03:11",2,20.0,0
3,"2019-05-28 19:03:11",3,62.0,0
3,"2019-05-28 19:13:11",2,20.0,0
3,"2019-05-28 19:13:11",3,62.0,0
3,"2019-05-28 19:23:11",2,20.0,0
3,"2019-05-28 19:23:11",3,62.0,0
3,"2019-05-28 19:33:11",2,19.0,0
3,"2019-05-28 19:33:11",3,62.0,0
3,"2019-05-28 19:43:11",2,19.0,0
3,"2019-05-28 19:43:11",3,62.0,0
3,"2019-05-28 19:53:11",2,19.0,0
3,"2019-05-28 19:53:11",3,63.0,0
3,"2019-05-28 20:03:11",2,20.0,0
3,"2019-05-28 20:03:11",3,63.0,0
3,"2019-05-28 20:13:11",2,20.0,0
3,"2019-05-28 20:13:11",3,62.0,0
3,"2019-05-28 20:23:11",2,20.0,0
3,"2019-05-28 20:23:11",3,62.0,0
3,"2019-05-28 20:33:11",2,20.0,0
3,"2019-05-28 20:33:11",3,63.0,0
3,"2019-05-28 20:43:11",2,20.0,0
3,"2019-05-28 20:43:11",3,63.0,0
3,"2019-05-28 20:53:11",2,19.0,0
3,"2019-05-28 20:53:11",3,63.0,0
3,"2019-05-28 21:03:11",2,19.0,0
3,"2019-05-28 21:03:11",3,63.0,0
3,"2019-05-28 21:13:11",2,19.0,0
3,"2019-05-28 21:13:11",3,63.0,0
3,"2019-05-28 21:23:11",2,19.0,0
3,"2019-05-28 21:23:11",3,63.0,0
3,"2019-05-28 21:33:11",2,19.0,0
3,"2019-05-28 21:33:11",3,63.0,0
3,"2019-05-28 21:43:11",2,19.0,0
3,"2019-05-28 21:43:11",3,63.0,0
3,"2019-05-28 21:53:11",2,19.0,0
3,"2019-05-28 21:53:11",3,64.0,0
3,"2019-05-28 22:03:11",2,19.0,0
3,"2019-05-28 22:03:11",3,64.0,0
3,"2019-05-28 22:13:11",2,18.0,0
3,"2019-05-28 22:13:11",3,64.0,0
3,"2019-05-28 22:23:11",2,19.0,0
3,"2019-05-28 22:23:11",3,64.0,0
3,"2019-05-28 22:33:11",2,18.0,0
3,"2019-05-28 22:33:11",3,63.0,0
3,"2019-05-28 22:43:11",2,18.0,0
3,"2019-05-28 22:43:11",3,63.0,0
3,"2019-05-28 22:53:11",2,19.0,0
3,"2019-05-28 22:53:11",3,63.0,0
3,"2019-05-28 23:03:11",2,18.0,0
3,"2019-05-28 23:03:11",3,64.0,0
3,"2019-05-28 23:13:11",2,18.0,0
3,"2019-05-28 23:13:11",3,64.0,0
3,"2019-05-28 23:23:11",2,18.0,0
3,"2019-05-28 23:23:11",3,63.0,0
3,"2019-05-28 23:33:11",2,18.0,0
3,"2019-05-28 23:33:11",3,63.0,0
3,"2019-05-28 23:43:11",2,18.0,0
3,"2019-05-28 23:43:11",3,64.0,0
3,"2019-05-28 23:53:11",2,18.0,0
3,"2019-05-28 23:53:11",3,63.0,0
3,"2019-05-29 00:03:11",2,18.0,0
3,"2019-05-29 00:03:11",3,63.0,0
3,"2019-05-29 00:13:11",2,18.0,0
3,"2019-05-29 00:13:11",3,63.0,0
3,"2019-05-29 00:23:11",2,18.0,0
3,"2019-05-29 00:23:11",3,64.0,0
3,"2019-05-29 00:33:11",2,18.0,0
3,"2019-05-29 00:33:11",3,64.0,0
3,"2019-05-29 00:43:11",2,18.0,0
3,"2019-05-29 00:43:11",3,64.0,0
3,"2019-05-29 00:53:11",2,18.0,0
3,"2019-05-29 00:53:11",3,64.0,0
3,"2019-05-29 01:03:11",2,18.0,0
3,"2019-05-29 01:03:11",3,65.0,0
3,"2019-05-29 01:13:11",2,18.0,0
3,"2019-05-29 01:13:11",3,64.0,0
3,"2019-05-29 01:23:11",2,18.0,0
3,"2019-05-29 01:23:11",3,64.0,0
3,"2019-05-29 01:33:11",2,18.0,0
3,"2019-05-29 01:33:11",3,65.0,0
3,"2019-05-29 01:43:11",2,18.0,0
3,"2019-05-29 01:43:11",3,65.0,0
3,"2019-05-29 01:53:11",2,18.0,0
3,"2019-05-29 01:53:11",3,65.0,0
3,"2019-05-29 02:03:11",2,18.0,0
3,"2019-05-29 02:03:11",3,64.0,0
3,"2019-05-29 02:13:11",2,18.0,0
3,"2019-05-29 02:13:11",3,65.0,0
3,"2019-05-29 02:23:11",2,18.0,0
3,"2019-05-29 02:23:11",3,66.0,0
3,"2019-05-29 02:33:11",2,18.0,0
3,"2019-05-29 02:33:11",3,66.0,0
3,"2019-05-29 02:43:11",2,18.0,0
3,"2019-05-29 02:43:11",3,66.0,0
3,"2019-05-29 02:53:11",2,18.0,0
3,"2019-05-29 02:53:11",3,67.0,0
3,"2019-05-29 03:03:11",2,18.0,0
3,"2019-05-29 03:03:11",3,67.0,0
3,"2019-05-29 03:13:11",2,18.0,0
3,"2019-05-29 03:13:11",3,60.0,0
3,"2019-05-29 03:23:11",2,20.0,0
3,"2019-05-29 03:23:11",3,57.0,0
3,"2019-05-29 03:33:11",2,20.0,0
3,"2019-05-29 03:33:11",3,56.0,0
3,"2019-05-29 03:43:11",2,20.0,0
3,"2019-05-29 03:43:11",3,56.0,0
3,"2019-05-29 03:53:11",2,21.0,0
3,"2019-05-29 03:53:11",3,56.0,0
3,"2019-05-29 04:03:11",2,21.0,0
3,"2019-05-29 04:03:11",3,54.0,0
3,"2019-05-29 04:13:11",2,22.0,0
3,"2019-05-29 04:13:11",3,61.0,0
3,"2019-05-29 04:23:11",2,18.0,0
3,"2019-05-29 04:23:11",3,64.0,0
3,"2019-05-29 04:33:11",2,18.0,0
3,"2019-05-29 04:33:11",3,65.0,0
3,"2019-05-29 04:43:11",2,18.0,0
3,"2019-05-29 04:43:11",3,65.0,0
3,"2019-05-29 04:53:11",2,18.0,0
3,"2019-05-29 04:53:11",3,64.0,0
3,"2019-05-29 05:03:11",2,18.0,0
3,"2019-05-29 05:03:11",3,63.0,0
3,"2019-05-29 05:13:11",2,19.0,0
3,"2019-05-29 05:13:11",3,62.0,0
3,"2019-05-29 05:23:11",2,18.0,0
3,"2019-05-29 05:23:11",3,62.0,0
3,"2019-05-29 05:33:11",2,19.0,0
3,"2019-05-29 05:33:11",3,60.0,0
3,"2019-05-29 05:43:11",2,19.0,0
3,"2019-05-29 05:43:11",3,62.0,0
3,"2019-05-29 05:53:11",2,19.0,0
3,"2019-05-29 05:53:11",3,62.0,0
3,"2019-05-29 06:03:11",2,19.0,0
3,"2019-05-29 06:03:11",3,63.0,0
3,"2019-05-29 06:13:11",2,19.0,0
3,"2019-05-29 06:13:11",3,63.0,0
3,"2019-05-29 06:23:11",2,18.0,0
3,"2019-05-29 06:23:11",3,62.0,0
3,"2019-05-29 06:33:11",2,19.0,0
3,"2019-05-29 06:33:11",3,63.0,0
3,"2019-05-29 06:43:11",2,19.0,0
3,"2019-05-29 06:43:11",3,60.0,0
3,"2019-05-29 06:53:11",2,19.0,0
3,"2019-05-29 06:53:11",3,62.0,0
3,"2019-05-29 07:03:11",2,19.0,0
3,"2019-05-29 07:03:11",3,60.0,0
3,"2019-05-29 07:13:11",2,20.0,0
3,"2019-05-29 07:13:11",3,62.0,0
3,"2019-05-29 07:23:11",2,19.0,0
3,"2019-05-29 07:23:11",3,62.0,0
3,"2019-05-29 07:33:11",2,19.0,0
3,"2019-05-29 07:33:11",3,61.0,0
3,"2019-05-29 07:43:11",2,19.0,0
3,"2019-05-29 07:43:11",3,61.0,0
3,"2019-05-29 07:53:11",2,19.0,0
3,"2019-05-29 07:53:11",3,60.0,0
3,"2019-05-29 08:03:11",2,19.0,0
3,"2019-05-29 08:03:11",3,59.0,0
3,"2019-05-29 08:13:11",2,19.0,0
3,"2019-05-29 08:13:11",3,61.0,0
3,"2019-05-29 08:23:11",2,19.0,0
3,"2019-05-29 08:23:11",3,61.0,0
3,"2019-05-29 08:33:11",2,20.0,0
3,"2019-05-29 08:33:11",3,62.0,0
3,"2019-05-29 08:43:11",2,20.0,0
3,"2019-05-29 08:43:11",3,62.0,0
3,"2019-05-29 08:53:11",2,20.0,0
3,"2019-05-29 08:53:11",3,61.0,0
3,"2019-05-29 09:03:11",2,20.0,0
3,"2019-05-29 09:03:11",3,56.0,0
3,"2019-05-29 09:13:11",2,20.0,0
3,"2019-05-29 09:13:11",3,57.0,0
3,"2019-05-29 09:23:11",2,21.0,0
3,"2019-05-29 09:23:11",3,60.0,0
3,"2019-05-29 09:33:11",2,21.0,0
3,"2019-05-29 09:33:11",3,63.0,0
3,"2019-05-29 09:43:11",2,21.0,0
3,"2019-05-29 09:43:11",3,57.0,0
3,"2019-05-29 09:53:11",2,21.0,0
3,"2019-05-29 09:53:11",3,59.0,0
3,"2019-05-29 10:03:11",2,21.0,0
3,"2019-05-29 10:03:11",3,59.0,0
3,"2019-05-29 10:13:11",2,20.0,0
3,"2019-05-29 10:13:11",3,58.0,0
3,"2019-05-29 10:23:11",2,21.0,0
3,"2019-05-29 10:23:11",3,60.0,0
3,"2019-05-29 10:33:11",2,21.0,0
3,"2019-05-29 10:33:11",3,58.0,0
3,"2019-05-29 10:43:11",2,21.0,0
3,"2019-05-29 10:43:11",3,58.0,0
3,"2019-05-29 10:53:11",2,21.0,0
3,"2019-05-29 10:53:11",3,57.0,0
3,"2019-05-29 11:03:11",2,21.0,0
3,"2019-05-29 11:03:11",3,58.0,0
3,"2019-05-29 11:13:11",2,21.0,0
3,"2019-05-29 11:13:11",3,60.0,0
3,"2019-05-29 11:23:11",2,21.0,0
3,"2019-05-29 11:23:11",3,61.0,0
3,"2019-05-29 11:33:11",2,21.0,0
3,"2019-05-29 11:33:11",3,60.0,0
3,"2019-05-29 11:43:11",2,21.0,0
3,"2019-05-29 11:43:11",3,59.0,0
3,"2019-05-29 11:53:11",2,21.0,0
3,"2019-05-29 11:53:11",3,59.0,0
3,"2019-05-29 12:03:11",2,21.0,0
3,"2019-05-29 12:03:11",3,57.0,0
3,"2019-05-29 12:13:11",2,21.0,0
3,"2019-05-29 12:13:11",3,60.0,0
3,"2019-05-29 12:23:11",2,21.0,0
3,"2019-05-29 12:23:11",3,63.0,0
3,"2019-05-29 12:33:11",2,21.0,0
3,"2019-05-29 12:33:11",3,64.0,0
3,"2019-05-29 12:43:11",2,21.0,0
3,"2019-05-29 12:43:11",3,63.0,0
3,"2019-05-29 12:53:11",2,20.0,0
3,"2019-05-29 12:53:11",3,65.0,0
3,"2019-05-29 13:03:11",2,21.0,0
3,"2019-05-29 13:03:11",3,66.0,0
3,"2019-05-29 13:13:11",2,20.0,0
3,"2019-05-29 13:13:11",3,65.0,0
3,"2019-05-29 13:23:11",2,20.0,0
3,"2019-05-29 13:23:11",3,66.0,0
3,"2019-05-29 13:33:11",2,20.0,0
3,"2019-05-29 13:33:11",3,66.0,0
3,"2019-05-29 13:43:11",2,20.0,0
3,"2019-05-29 13:43:11",3,66.0,0
3,"2019-05-29 13:53:11",2,20.0,0
3,"2019-05-29 13:53:11",3,66.0,0
3,"2019-05-29 14:03:11",2,20.0,0
3,"2019-05-29 14:03:11",3,66.0,0
3,"2019-05-29 14:13:11",2,19.0,0
3,"2019-05-29 14:13:11",3,66.0,0
3,"2019-05-29 14:23:11",2,20.0,0
3,"2019-05-29 14:23:11",3,66.0,0
3,"2019-05-29 14:33:11",2,19.0,0
3,"2019-05-29 14:33:11",3,67.0,0
3,"2019-05-29 14:43:11",2,19.0,0
3,"2019-05-29 14:43:11",3,67.0,0
3,"2019-05-29 14:53:11",2,19.0,0
3,"2019-05-29 14:53:11",3,68.0,0
3,"2019-05-29 15:03:11",2,19.0,0
3,"2019-05-29 15:03:11",3,67.0,0
3,"2019-05-29 15:13:11",2,19.0,0
3,"2019-05-29 15:13:11",3,67.0,0
3,"2019-05-29 15:23:11",2,19.0,0
3,"2019-05-29 15:23:11",3,68.0,0
3,"2019-05-29 15:33:11",2,19.0,0
3,"2019-05-29 15:33:11",3,70.0,0
3,"2019-05-29 15:43:11",2,19.0,0
3,"2019-05-29 15:43:11",3,70.0,0
3,"2019-05-29 15:53:11",2,19.0,0
3,"2019-05-29 15:53:11",3,70.0,0
3,"2019-05-29 16:03:11",2,19.0,0
3,"2019-05-29 16:03:11",3,70.0,0
3,"2019-05-29 16:13:11",2,19.0,0
3,"2019-05-29 16:13:11",3,69.0,0
3,"2019-05-29 16:23:11",2,19.0,0
3,"2019-05-29 16:23:11",3,68.0,0
3,"2019-05-29 16:33:11",2,19.0,0
3,"2019-05-29 16:33:11",3,69.0,0
3,"2019-05-29 16:43:11",2,20.0,0
3,"2019-05-29 16:43:11",3,68.0,0
3,"2019-05-29 16:53:11",2,20.0,0
3,"2019-05-29 16:53:11",3,68.0,0
3,"2019-05-29 17:03:11",2,20.0,0
3,"2019-05-29 17:03:11",3,69.0,0
3,"2019-05-29 17:13:11",2,20.0,0
3,"2019-05-29 17:13:11",3,69.0,0
3,"2019-05-29 17:23:11",2,20.0,0
3,"2019-05-29 17:23:11",3,68.0,0
3,"2019-05-29 17:33:11",2,20.0,0
3,"2019-05-29 17:33:11",3,85.0,0
3,"2019-05-29 17:43:11",2,21.0,0
3,"2019-05-29 17:43:11",3,88.0,0
3,"2019-05-29 17:53:11",2,20.0,0
3,"2019-05-29 17:53:11",3,72.0,0
3,"2019-05-29 18:03:11",2,21.0,0
3,"2019-05-29 18:03:11",3,66.0,0
3,"2019-05-29 18:13:11",2,20.0,0
3,"2019-05-29 18:13:11",3,71.0,0
3,"2019-05-29 18:23:11",2,21.0,0
3,"2019-05-29 18:23:11",3,67.0,0
3,"2019-05-29 18:33:11",2,21.0,0
3,"2019-05-29 18:33:11",3,67.0,0
3,"2019-05-29 18:43:11",2,21.0,0
3,"2019-05-29 18:43:11",3,71.0,0
3,"2019-05-29 18:53:11",2,21.0,0
3,"2019-05-29 18:53:11",3,73.0,0
3,"2019-05-29 19:03:11",2,21.0,0
3,"2019-05-29 19:03:11",3,71.0,0
3,"2019-05-29 19:13:11",2,21.0,0
3,"2019-05-29 19:13:11",3,69.0,0
3,"2019-05-29 19:23:11",2,20.0,0
3,"2019-05-29 19:23:11",3,68.0,0
3,"2019-05-29 19:33:11",2,21.0,0
3,"2019-05-29 19:33:11",3,67.0,0
3,"2019-05-29 19:43:11",2,21.0,0
3,"2019-05-29 19:43:11",3,66.0,0
3,"2019-05-29 19:53:11",2,20.0,0
3,"2019-05-29 19:53:11",3,66.0,0
3,"2019-05-29 20:03:11",2,21.0,0
3,"2019-05-29 20:03:11",3,64.0,0
3,"2019-05-29 20:13:11",2,20.0,0
3,"2019-05-29 20:13:11",3,65.0,0
3,"2019-05-29 20:23:11",2,20.0,0
3,"2019-05-29 20:23:11",3,63.0,0
3,"2019-05-29 20:33:11",2,21.0,0
3,"2019-05-29 20:33:11",3,64.0,0
3,"2019-05-29 20:43:11",2,20.0,0
3,"2019-05-29 20:43:11",3,64.0,0
3,"2019-05-29 20:53:11",2,20.0,0
3,"2019-05-29 20:53:11",3,64.0,0
3,"2019-05-29 21:03:11",2,20.0,0
3,"2019-05-29 21:03:11",3,63.0,0
3,"2019-05-29 21:13:11",2,20.0,0
3,"2019-05-29 21:13:11",3,64.0,0
3,"2019-05-29 21:23:11",2,20.0,0
3,"2019-05-29 21:23:11",3,64.0,0
3,"2019-05-29 21:33:11",2,20.0,0
3,"2019-05-29 21:33:11",3,64.0,0
3,"2019-05-29 21:43:11",2,20.0,0
3,"2019-05-29 21:43:11",3,64.0,0
3,"2019-05-29 21:53:11",2,20.0,0
3,"2019-05-29 21:53:11",3,63.0,0
3,"2019-05-29 22:03:11",2,20.0,0
3,"2019-05-29 22:03:11",3,64.0,0
3,"2019-05-29 22:13:11",2,20.0,0
3,"2019-05-29 22:13:11",3,64.0,0
3,"2019-05-29 22:23:11",2,20.0,0
3,"2019-05-29 22:23:11",3,64.0,0
3,"2019-05-29 22:33:11",2,20.0,0
3,"2019-05-29 22:33:11",3,65.0,0
3,"2019-05-29 22:43:11",2,20.0,0
3,"2019-05-29 22:43:11",3,65.0,0
3,"2019-05-29 22:53:11",2,20.0,0
3,"2019-05-29 22:53:11",3,65.0,0
3,"2019-05-29 23:03:11",2,20.0,0
3,"2019-05-29 23:03:11",3,66.0,0
3,"2019-05-29 23:13:11",2,20.0,0
3,"2019-05-29 23:13:11",3,65.0,0
3,"2019-05-29 23:23:11",2,20.0,0
3,"2019-05-29 23:23:11",3,65.0,0
3,"2019-05-29 23:33:11",2,20.0,0
3,"2019-05-29 23:33:11",3,66.0,0
3,"2019-05-29 23:43:11",2,20.0,0
3,"2019-05-29 23:43:11",3,65.0,0
3,"2019-05-29 23:53:11",2,20.0,0
3,"2019-05-29 23:53:11",3,65.0,0
3,"2019-05-30 00:03:11",2,20.0,0
3,"2019-05-30 00:03:11",3,65.0,0
3,"2019-05-30 00:13:11",2,20.0,0
3,"2019-05-30 00:13:11",3,65.0,0
3,"2019-05-30 00:23:11",2,20.0,0
3,"2019-05-30 00:23:11",3,65.0,0
3,"2019-05-30 00:33:11",2,20.0,0
3,"2019-05-30 00:33:11",3,65.0,0
3,"2019-05-30 00:43:11",2,20.0,0
3,"2019-05-30 00:43:11",3,65.0,0
3,"2019-05-30 00:53:11",2,20.0,0
3,"2019-05-30 00:53:11",3,65.0,0
3,"2019-05-30 01:03:11",2,20.0,0
3,"2019-05-30 01:03:11",3,65.0,0
3,"2019-05-30 01:13:11",2,20.0,0
3,"2019-05-30 01:13:11",3,64.0,0
3,"2019-05-30 01:23:11",2,20.0,0
3,"2019-05-30 01:23:11",3,65.0,0
3,"2019-05-30 01:33:11",2,19.0,0
3,"2019-05-30 01:33:11",3,63.0,0
3,"2019-05-30 01:43:11",2,20.0,0
3,"2019-05-30 01:43:11",3,63.0,0
3,"2019-05-30 01:53:11",2,19.0,0
3,"2019-05-30 01:53:11",3,62.0,0
3,"2019-05-30 02:03:11",2,19.0,0
3,"2019-05-30 02:03:11",3,63.0,0
3,"2019-05-30 02:13:11",2,19.0,0
3,"2019-05-30 02:13:11",3,62.0,0
3,"2019-05-30 02:23:11",2,19.0,0
3,"2019-05-30 02:23:11",3,63.0,0
3,"2019-05-30 02:33:11",2,19.0,0
3,"2019-05-30 02:33:11",3,63.0,0
3,"2019-05-30 02:43:11",2,19.0,0
3,"2019-05-30 02:43:11",3,63.0,0
3,"2019-05-30 02:53:11",2,19.0,0
3,"2019-05-30 02:53:11",3,63.0,0
3,"2019-05-30 03:03:11",2,19.0,0
3,"2019-05-30 03:03:11",3,64.0,0
3,"2019-05-30 03:13:11",2,19.0,0
3,"2019-05-30 03:13:11",3,64.0,0
3,"2019-05-30 03:23:11",2,19.0,0
3,"2019-05-30 03:23:11",3,64.0,0
3,"2019-05-30 03:33:11",2,19.0,0
3,"2019-05-30 03:33:11",3,65.0,0
3,"2019-05-30 03:43:11",2,19.0,0
3,"2019-05-30 03:43:11",3,64.0,0
3,"2019-05-30 03:53:11",2,19.0,0
3,"2019-05-30 03:53:11",3,64.0,0
3,"2019-05-30 04:03:11",2,19.0,0
3,"2019-05-30 04:03:11",3,64.0,0
3,"2019-05-30 04:13:11",2,19.0,0
3,"2019-05-30 04:13:11",3,64.0,0
3,"2019-05-30 04:23:11",2,19.0,0
3,"2019-05-30 04:23:11",3,64.0,0
3,"2019-05-30 04:33:11",2,19.0,0
3,"2019-05-30 04:33:11",3,63.0,0
3,"2019-05-30 04:43:11",2,19.0,0
3,"2019-05-30 04:43:11",3,63.0,0
3,"2019-05-30 04:53:11",2,19.0,0
3,"2019-05-30 04:53:11",3,62.0,0
3,"2019-05-30 05:03:11",2,19.0,0
3,"2019-05-30 05:03:11",3,63.0,0
3,"2019-05-30 05:13:11",2,20.0,0
3,"2019-05-30 05:13:11",3,63.0,0
3,"2019-05-30 05:23:11",2,20.0,0
3,"2019-05-30 05:23:11",3,63.0,0
3,"2019-05-30 05:33:11",2,20.0,0
3,"2019-05-30 05:33:11",3,63.0,0
3,"2019-05-30 05:43:11",2,20.0,0
3,"2019-05-30 05:43:11",3,62.0,0
3,"2019-05-30 05:53:11",2,20.0,0
3,"2019-05-30 05:53:11",3,63.0,0
3,"2019-05-30 06:03:11",2,20.0,0
3,"2019-05-30 06:03:11",3,65.0,0
3,"2019-05-30 06:13:11",2,20.0,0
3,"2019-05-30 06:13:11",3,65.0,0
3,"2019-05-30 06:23:11",2,20.0,0
3,"2019-05-30 06:23:11",3,64.0,0
3,"2019-05-30 06:33:11",2,20.0,0
3,"2019-05-30 06:33:11",3,64.0,0
3,"2019-05-30 06:43:11",2,20.0,0
3,"2019-05-30 06:43:11",3,63.0,0
3,"2019-05-30 06:53:11",2,20.0,0
3,"2019-05-30 06:53:11",3,63.0,0
3,"2019-05-30 07:03:11",2,20.0,0
3,"2019-05-30 07:03:11",3,63.0,0
3,"2019-05-30 07:13:11",2,20.0,0
3,"2019-05-30 07:13:11",3,62.0,0
3,"2019-05-30 07:23:11",2,20.0,0
3,"2019-05-30 07:23:11",3,63.0,0
3,"2019-05-30 07:33:11",2,20.0,0
3,"2019-05-30 07:33:11",3,58.0,0
3,"2019-05-30 07:43:11",2,20.0,0
3,"2019-05-30 07:43:11",3,57.0,0
3,"2019-05-30 07:53:11",2,20.0,0
3,"2019-05-30 07:53:11",3,59.0,0
3,"2019-05-30 08:03:11",2,20.0,0
3,"2019-05-30 08:03:11",3,59.0,0
3,"2019-05-30 08:13:11",2,20.0,0
3,"2019-05-30 08:13:11",3,57.0,0
3,"2019-05-30 08:23:11",2,20.0,0
3,"2019-05-30 08:23:11",3,59.0,0
3,"2019-05-30 08:33:11",2,20.0,0
3,"2019-05-30 08:33:11",3,57.0,0
3,"2019-05-30 08:43:11",2,20.0,0
3,"2019-05-30 08:43:11",3,56.0,0
3,"2019-05-30 08:53:11",2,20.0,0
3,"2019-05-30 08:53:11",3,58.0,0
3,"2019-05-30 09:03:11",2,20.0,0
3,"2019-05-30 09:03:11",3,60.0,0
3,"2019-05-30 09:13:11",2,20.0,0
3,"2019-05-30 09:13:11",3,61.0,0
3,"2019-05-30 09:23:11",2,20.0,0
3,"2019-05-30 09:23:11",3,61.0,0
3,"2019-05-30 09:33:11",2,20.0,0
3,"2019-05-30 09:33:11",3,63.0,0
3,"2019-05-30 09:43:11",2,19.0,0
3,"2019-05-30 09:43:11",3,63.0,0
3,"2019-05-30 09:53:11",2,19.0,0
3,"2019-05-30 09:53:11",3,62.0,0
3,"2019-05-30 10:03:11",2,19.0,0
3,"2019-05-30 10:03:11",3,65.0,0
3,"2019-05-30 10:13:11",2,19.0,0
3,"2019-05-30 10:13:11",3,69.0,0
3,"2019-05-30 10:23:11",2,19.0,0
3,"2019-05-30 10:23:11",3,69.0,0
3,"2019-05-30 10:33:11",2,19.0,0
3,"2019-05-30 10:33:11",3,68.0,0
3,"2019-05-30 10:43:11",2,19.0,0
3,"2019-05-30 10:43:11",3,67.0,0
3,"2019-05-30 10:53:11",2,19.0,0
3,"2019-05-30 10:53:11",3,67.0,0
3,"2019-05-30 11:03:11",2,19.0,0
3,"2019-05-30 11:03:11",3,66.0,0
3,"2019-05-30 11:13:11",2,19.0,0
3,"2019-05-30 11:13:11",3,66.0,0
3,"2019-05-30 11:23:11",2,19.0,0
3,"2019-05-30 11:23:11",3,67.0,0
3,"2019-05-30 11:33:11",2,19.0,0
3,"2019-05-30 11:33:11",3,67.0,0
3,"2019-05-30 11:43:11",2,19.0,0
3,"2019-05-30 11:43:11",3,67.0,0
3,"2019-05-30 11:53:11",2,19.0,0
3,"2019-05-30 11:53:11",3,68.0,0
3,"2019-05-30 12:03:11",2,19.0,0
3,"2019-05-30 12:03:11",3,67.0,0
3,"2019-05-30 12:13:11",2,19.0,0
3,"2019-05-30 12:13:11",3,66.0,0
3,"2019-05-30 12:23:11",2,19.0,0
3,"2019-05-30 12:23:11",3,67.0,0
3,"2019-05-30 12:33:11",2,19.0,0
3,"2019-05-30 12:33:11",3,68.0,0
3,"2019-05-30 12:43:11",2,19.0,0
3,"2019-05-30 12:43:11",3,67.0,0
3,"2019-05-30 12:53:11",2,19.0,0
3,"2019-05-30 12:53:11",3,66.0,0
3,"2019-05-30 13:03:11",2,19.0,0
3,"2019-05-30 13:03:11",3,67.0,0
3,"2019-05-30 13:13:11",2,19.0,0
3,"2019-05-30 13:13:11",3,66.0,0
3,"2019-05-30 13:23:11",2,19.0,0
3,"2019-05-30 13:23:11",3,67.0,0
3,"2019-05-30 13:33:11",2,19.0,0
3,"2019-05-30 13:33:11",3,68.0,0
3,"2019-05-30 13:43:11",2,19.0,0
3,"2019-05-30 13:43:11",3,69.0,0
3,"2019-05-30 13:53:11",2,19.0,0
3,"2019-05-30 13:53:11",3,69.0,0
3,"2019-05-30 14:03:11",2,19.0,0
3,"2019-05-30 14:03:11",3,69.0,0
3,"2019-05-30 14:13:11",2,19.0,0
3,"2019-05-30 14:13:11",3,70.0,0
3,"2019-05-30 14:23:11",2,19.0,0
3,"2019-05-30 14:23:11",3,70.0,0
3,"2019-05-30 14:33:11",2,19.0,0
3,"2019-05-30 14:33:11",3,71.0,0
3,"2019-05-30 14:43:11",2,18.0,0
3,"2019-05-30 14:43:11",3,72.0,0
3,"2019-05-30 14:53:11",2,18.0,0
3,"2019-05-30 14:53:11",3,73.0,0
3,"2019-05-30 15:03:11",2,18.0,0
3,"2019-05-30 15:03:11",3,73.0,0
3,"2019-05-30 15:13:11",2,18.0,0
3,"2019-05-30 15:13:11",3,73.0,0
3,"2019-05-30 15:23:11",2,18.0,0
3,"2019-05-30 15:23:11",3,73.0,0
3,"2019-05-30 15:33:11",2,18.0,0
3,"2019-05-30 15:33:11",3,73.0,0
3,"2019-05-30 15:43:11",2,18.0,0
3,"2019-05-30 15:43:11",3,75.0,0
3,"2019-05-30 15:53:11",2,18.0,0
3,"2019-05-30 15:53:11",3,76.0,0
3,"2019-05-30 16:03:11",2,18.0,0
3,"2019-05-30 16:03:11",3,76.0,0
3,"2019-05-30 16:13:11",2,18.0,0
3,"2019-05-30 16:13:11",3,76.0,0
3,"2019-05-30 16:23:11",2,18.0,0
3,"2019-05-30 16:23:11",3,76.0,0
3,"2019-05-30 16:33:11",2,18.0,0
3,"2019-05-30 16:33:11",3,77.0,0
3,"2019-05-30 16:43:11",2,18.0,0
3,"2019-05-30 16:43:11",3,77.0,0
3,"2019-05-30 16:53:11",2,18.0,0
3,"2019-05-30 16:53:11",3,76.0,0
3,"2019-05-30 17:03:11",2,18.0,0
3,"2019-05-30 17:03:11",3,79.0,0
3,"2019-05-30 17:13:11",2,20.0,0
3,"2019-05-30 17:13:11",3,75.0,0
3,"2019-05-30 17:23:11",2,20.0,0
3,"2019-05-30 17:23:11",3,73.0,0
3,"2019-05-30 17:33:11",2,20.0,0
3,"2019-05-30 17:33:11",3,73.0,0
3,"2019-05-30 17:43:11",2,20.0,0
3,"2019-05-30 17:43:11",3,72.0,0
3,"2019-05-30 17:53:11",2,20.0,0
3,"2019-05-30 17:53:11",3,73.0,0
3,"2019-05-30 18:03:11",2,20.0,0
3,"2019-05-30 18:03:11",3,71.0,0
3,"2019-05-30 18:13:11",2,20.0,0
3,"2019-05-30 18:13:11",3,72.0,0
3,"2019-05-30 18:23:11",2,20.0,0
3,"2019-05-30 18:23:11",3,71.0,0
3,"2019-05-30 18:33:11",2,20.0,0
3,"2019-05-30 18:33:11",3,72.0,0
3,"2019-05-30 18:43:11",2,20.0,0
3,"2019-05-30 18:43:11",3,72.0,0
3,"2019-05-30 18:53:11",2,20.0,0
3,"2019-05-30 18:53:11",3,72.0,0
3,"2019-05-30 19:03:11",2,20.0,0
3,"2019-05-30 19:03:11",3,72.0,0
3,"2019-05-30 19:13:11",2,20.0,0
3,"2019-05-30 19:13:11",3,72.0,0
3,"2019-05-30 19:23:11",2,20.0,0
3,"2019-05-30 19:23:11",3,72.0,0
3,"2019-05-30 19:33:11",2,20.0,0
3,"2019-05-30 19:33:11",3,72.0,0
3,"2019-05-30 19:43:11",2,20.0,0
3,"2019-05-30 19:43:11",3,70.0,0
3,"2019-05-30 19:53:11",2,20.0,0
3,"2019-05-30 19:53:11",3,71.0,0
3,"2019-05-30 20:03:11",2,20.0,0
3,"2019-05-30 20:03:11",3,71.0,0
3,"2019-05-30 20:13:11",2,20.0,0
3,"2019-05-30 20:13:11",3,70.0,0
3,"2019-05-30 20:23:11",2,20.0,0
3,"2019-05-30 20:23:11",3,70.0,0
3,"2019-05-30 20:33:11",2,20.0,0
3,"2019-05-30 20:33:11",3,70.0,0
3,"2019-05-30 20:43:11",2,20.0,0
3,"2019-05-30 20:43:11",3,69.0,0
3,"2019-05-30 20:53:11",2,20.0,0
3,"2019-05-30 20:53:11",3,69.0,0
3,"2019-05-30 21:03:11",2,20.0,0
3,"2019-05-30 21:03:11",3,69.0,0
3,"2019-05-30 21:13:11",2,20.0,0
3,"2019-05-30 21:13:11",3,70.0,0
3,"2019-05-30 21:23:11",2,20.0,0
3,"2019-05-30 21:23:11",3,69.0,0
3,"2019-05-30 21:33:11",2,20.0,0
3,"2019-05-30 21:33:11",3,69.0,0
3,"2019-05-30 21:43:11",2,20.0,0
3,"2019-05-30 21:43:11",3,69.0,0
3,"2019-05-30 21:53:11",2,20.0,0
3,"2019-05-30 21:53:11",3,69.0,0
3,"2019-05-30 22:03:11",2,20.0,0
3,"2019-05-30 22:03:11",3,69.0,0
3,"2019-05-30 22:13:11",2,19.0,0
3,"2019-05-30 22:13:11",3,68.0,0
3,"2019-05-30 22:23:11",2,20.0,0
3,"2019-05-30 22:23:11",3,68.0,0
3,"2019-05-30 22:33:11",2,19.0,0
3,"2019-05-30 22:33:11",3,68.0,0
3,"2019-05-30 22:43:11",2,19.0,0
3,"2019-05-30 22:43:11",3,68.0,0
3,"2019-05-30 22:53:11",2,19.0,0
3,"2019-05-30 22:53:11",3,67.0,0
3,"2019-05-30 23:03:11",2,20.0,0
3,"2019-05-30 23:03:11",3,67.0,0
3,"2019-05-30 23:13:11",2,20.0,0
3,"2019-05-30 23:13:11",3,68.0,0
3,"2019-05-30 23:23:11",2,20.0,0
3,"2019-05-30 23:23:11",3,68.0,0
3,"2019-05-30 23:33:11",2,19.0,0
3,"2019-05-30 23:33:11",3,68.0,0
3,"2019-05-30 23:43:11",2,19.0,0
3,"2019-05-30 23:43:11",3,67.0,0
3,"2019-05-30 23:53:11",2,19.0,0
3,"2019-05-30 23:53:11",3,67.0,0
3,"2019-05-31 00:03:11",2,19.0,0
3,"2019-05-31 00:03:11",3,67.0,0
3,"2019-05-31 00:13:11",2,19.0,0
3,"2019-05-31 00:13:11",3,67.0,0
3,"2019-05-31 00:23:11",2,19.0,0
3,"2019-05-31 00:23:11",3,67.0,0
3,"2019-05-31 00:33:11",2,19.0,0
3,"2019-05-31 00:33:11",3,67.0,0
3,"2019-05-31 00:43:11",2,19.0,0
3,"2019-05-31 00:43:11",3,67.0,0
3,"2019-05-31 00:53:11",2,19.0,0
3,"2019-05-31 00:53:11",3,67.0,0
3,"2019-05-31 01:03:11",2,19.0,0
3,"2019-05-31 01:03:11",3,67.0,0
3,"2019-05-31 01:13:11",2,19.0,0
3,"2019-05-31 01:13:11",3,66.0,0
3,"2019-05-31 01:23:11",2,20.0,0
3,"2019-05-31 01:23:11",3,66.0,0
3,"2019-05-31 01:33:11",2,20.0,0
3,"2019-05-31 01:33:11",3,66.0,0
3,"2019-05-31 01:43:11",2,20.0,0
3,"2019-05-31 01:43:11",3,67.0,0
3,"2019-05-31 01:53:11",2,20.0,0
3,"2019-05-31 01:53:11",3,68.0,0
3,"2019-05-31 02:03:11",2,20.0,0
3,"2019-05-31 02:03:11",3,68.0,0
3,"2019-05-31 02:13:11",2,20.0,0
3,"2019-05-31 02:13:11",3,67.0,0
3,"2019-05-31 02:23:11",2,20.0,0
3,"2019-05-31 02:23:11",3,67.0,0
3,"2019-05-31 02:33:11",2,20.0,0
3,"2019-05-31 02:33:11",3,67.0,0
3,"2019-05-31 02:43:11",2,20.0,0
3,"2019-05-31 02:43:11",3,66.0,0
3,"2019-05-31 02:53:11",2,20.0,0
3,"2019-05-31 02:53:11",3,66.0,0
3,"2019-05-31 03:03:11",2,20.0,0
3,"2019-05-31 03:03:11",3,67.0,0
3,"2019-05-31 03:13:11",2,20.0,0
3,"2019-05-31 03:13:11",3,67.0,0
3,"2019-05-31 03:23:11",2,20.0,0
3,"2019-05-31 03:23:11",3,66.0,0
3,"2019-05-31 03:33:11",2,20.0,0
3,"2019-05-31 03:33:11",3,66.0,0
3,"2019-05-31 03:43:11",2,20.0,0
3,"2019-05-31 03:43:11",3,66.0,0
3,"2019-05-31 03:53:11",2,20.0,0
3,"2019-05-31 03:53:11",3,66.0,0
3,"2019-05-31 04:03:11",2,20.0,0
3,"2019-05-31 04:03:11",3,62.0,0
3,"2019-05-31 04:13:11",2,20.0,0
3,"2019-05-31 04:13:11",3,61.0,0
3,"2019-05-31 04:23:11",2,20.0,0
3,"2019-05-31 04:23:11",3,61.0,0
3,"2019-05-31 04:33:11",2,20.0,0
3,"2019-05-31 04:33:11",3,59.0,0
3,"2019-05-31 04:43:11",2,20.0,0
3,"2019-05-31 04:43:11",3,60.0,0
3,"2019-05-31 04:53:11",2,20.0,0
3,"2019-05-31 04:53:11",3,62.0,0
3,"2019-05-31 05:03:11",2,20.0,0
3,"2019-05-31 05:03:11",3,62.0,0
3,"2019-05-31 05:13:11",2,20.0,0
3,"2019-05-31 05:13:11",3,61.0,0
3,"2019-05-31 05:23:11",2,20.0,0
3,"2019-05-31 05:23:11",3,61.0,0
3,"2019-05-31 05:33:11",2,20.0,0
3,"2019-05-31 05:33:11",3,61.0,0
3,"2019-05-31 05:43:11",2,20.0,0
3,"2019-05-31 05:43:11",3,60.0,0
3,"2019-05-31 05:53:11",2,20.0,0
3,"2019-05-31 05:53:11",3,62.0,0
3,"2019-05-31 06:03:11",2,20.0,0
3,"2019-05-31 06:03:11",3,61.0,0
3,"2019-05-31 06:13:11",2,20.0,0
3,"2019-05-31 06:13:11",3,61.0,0
3,"2019-05-31 06:23:11",2,20.0,0
3,"2019-05-31 06:23:11",3,58.0,0
3,"2019-05-31 06:33:11",2,20.0,0
3,"2019-05-31 06:33:11",3,59.0,0
3,"2019-05-31 06:43:11",2,20.0,0
3,"2019-05-31 06:43:11",3,60.0,0
3,"2019-05-31 06:53:11",2,20.0,0
3,"2019-05-31 06:53:11",3,60.0,0
3,"2019-05-31 07:03:11",2,20.0,0
3,"2019-05-31 07:03:11",3,61.0,0
3,"2019-05-31 07:13:11",2,21.0,0
3,"2019-05-31 07:13:11",3,61.0,0
3,"2019-05-31 07:23:11",2,20.0,0
3,"2019-05-31 07:23:11",3,60.0,0
3,"2019-05-31 07:33:11",2,21.0,0
3,"2019-05-31 07:33:11",3,60.0,0
3,"2019-05-31 07:43:11",2,21.0,0
3,"2019-05-31 07:43:11",3,58.0,0
3,"2019-05-31 07:53:11",2,21.0,0
3,"2019-05-31 07:53:11",3,59.0,0
3,"2019-05-31 08:03:11",2,21.0,0
3,"2019-05-31 08:03:11",3,57.0,0
3,"2019-05-31 08:13:11",2,20.0,0
3,"2019-05-31 08:13:11",3,59.0,0
3,"2019-05-31 08:23:11",2,20.0,0
3,"2019-05-31 08:23:11",3,67.0,0
3,"2019-05-31 08:33:11",2,20.0,0
3,"2019-05-31 08:33:11",3,69.0,0
3,"2019-05-31 08:43:11",2,20.0,0
3,"2019-05-31 08:43:11",3,66.0,0
3,"2019-05-31 08:53:11",2,20.0,0
3,"2019-05-31 08:53:11",3,65.0,0
3,"2019-05-31 09:03:11",2,20.0,0
3,"2019-05-31 09:03:11",3,65.0,0
3,"2019-05-31 09:13:11",2,20.0,0
3,"2019-05-31 09:13:11",3,63.0,0
3,"2019-05-31 09:23:11",2,20.0,0
3,"2019-05-31 09:23:11",3,63.0,0
3,"2019-05-31 09:33:11",2,20.0,0
3,"2019-05-31 09:33:11",3,64.0,0
3,"2019-05-31 09:43:11",2,20.0,0
3,"2019-05-31 09:43:11",3,69.0,0
3,"2019-05-31 09:53:11",2,19.0,0
3,"2019-05-31 09:53:11",3,68.0,0
3,"2019-05-31 10:03:11",2,19.0,0
3,"2019-05-31 10:03:11",3,69.0,0
3,"2019-05-31 10:13:11",2,19.0,0
3,"2019-05-31 10:13:11",3,69.0,0
3,"2019-05-31 10:23:11",2,19.0,0
3,"2019-05-31 10:23:11",3,69.0,0
3,"2019-05-31 10:33:11",2,19.0,0
3,"2019-05-31 10:33:11",3,69.0,0
3,"2019-05-31 10:43:11",2,20.0,0
3,"2019-05-31 10:43:11",3,68.0,0
3,"2019-05-31 10:53:11",2,20.0,0
3,"2019-05-31 10:53:11",3,68.0,0
3,"2019-05-31 11:03:11",2,20.0,0
3,"2019-05-31 11:03:11",3,67.0,0
3,"2019-05-31 11:13:11",2,20.0,0
3,"2019-05-31 11:13:11",3,68.0,0
3,"2019-05-31 11:23:11",2,20.0,0
3,"2019-05-31 11:23:11",3,69.0,0
3,"2019-05-31 11:33:11",2,20.0,0
3,"2019-05-31 11:33:11",3,68.0,0
3,"2019-05-31 11:43:11",2,19.0,0
3,"2019-05-31 11:43:11",3,68.0,0
3,"2019-05-31 11:53:11",2,20.0,0
3,"2019-05-31 11:53:11",3,68.0,0
3,"2019-05-31 12:03:11",2,20.0,0
3,"2019-05-31 12:03:11",3,69.0,0
3,"2019-05-31 12:13:11",2,20.0,0
3,"2019-05-31 12:13:11",3,68.0,0
3,"2019-05-31 12:23:11",2,20.0,0
3,"2019-05-31 12:23:11",3,68.0,0
3,"2019-05-31 12:33:11",2,20.0,0
3,"2019-05-31 12:33:11",3,67.0,0
3,"2019-05-31 12:43:11",2,20.0,0
3,"2019-05-31 12:43:11",3,69.0,0
3,"2019-05-31 12:53:11",2,20.0,0
3,"2019-05-31 12:53:11",3,68.0,0
3,"2019-05-31 13:03:11",2,20.0,0
3,"2019-05-31 13:03:11",3,68.0,0
3,"2019-05-31 13:13:11",2,19.0,0
3,"2019-05-31 13:13:11",3,68.0,0
3,"2019-05-31 13:23:11",2,19.0,0
3,"2019-05-31 13:23:11",3,68.0,0
3,"2019-05-31 13:33:11",2,19.0,0
3,"2019-05-31 13:33:11",3,67.0,0
3,"2019-05-31 13:43:11",2,19.0,0
3,"2019-05-31 13:43:11",3,67.0,0
3,"2019-05-31 13:53:11",2,19.0,0
3,"2019-05-31 13:53:11",3,67.0,0
3,"2019-05-31 14:03:11",2,19.0,0
3,"2019-05-31 14:03:11",3,69.0,0
3,"2019-05-31 14:13:11",2,19.0,0
3,"2019-05-31 14:13:11",3,72.0,0
3,"2019-05-31 14:23:11",2,19.0,0
3,"2019-05-31 14:23:11",3,73.0,0
3,"2019-05-31 14:33:11",2,19.0,0
3,"2019-05-31 14:33:11",3,72.0,0
3,"2019-05-31 14:43:11",2,19.0,0
3,"2019-05-31 14:43:11",3,73.0,0
3,"2019-05-31 14:53:11",2,19.0,0
3,"2019-05-31 14:53:11",3,73.0,0
3,"2019-05-31 15:03:11",2,19.0,0
3,"2019-05-31 15:03:11",3,73.0,0
3,"2019-05-31 15:13:11",2,19.0,0
3,"2019-05-31 15:13:11",3,74.0,0
3,"2019-05-31 15:23:11",2,19.0,0
3,"2019-05-31 15:23:11",3,73.0,0
3,"2019-05-31 15:33:11",2,19.0,0
3,"2019-05-31 15:33:11",3,73.0,0
3,"2019-05-31 15:43:11",2,19.0,0
3,"2019-05-31 15:43:11",3,73.0,0
3,"2019-05-31 15:53:11",2,19.0,0
3,"2019-05-31 15:53:11",3,72.0,0
3,"2019-05-31 16:03:11",2,19.0,0
3,"2019-05-31 16:03:11",3,73.0,0
3,"2019-05-31 16:13:11",2,20.0,0
3,"2019-05-31 16:13:11",3,74.0,0
3,"2019-05-31 16:23:11",2,19.0,0
3,"2019-05-31 16:23:11",3,73.0,0
3,"2019-05-31 16:33:11",2,20.0,0
3,"2019-05-31 16:33:11",3,73.0,0
3,"2019-05-31 16:43:11",2,20.0,0
3,"2019-05-31 16:43:11",3,73.0,0
3,"2019-05-31 16:53:11",2,20.0,0
3,"2019-05-31 16:53:11",3,72.0,0
3,"2019-05-31 17:03:11",2,20.0,0
3,"2019-05-31 17:03:11",3,72.0,0
3,"2019-05-31 17:13:11",2,20.0,0
3,"2019-05-31 17:13:11",3,72.0,0
3,"2019-05-31 17:23:11",2,20.0,0
3,"2019-05-31 17:23:11",3,71.0,0
3,"2019-05-31 17:33:11",2,16.0,0
3,"2019-05-31 17:33:11",3,71.0,0
3,"2019-05-31 17:43:11",2,20.0,0
3,"2019-05-31 17:43:11",3,71.0,0
3,"2019-05-31 17:53:11",2,20.0,0
3,"2019-05-31 17:53:11",3,71.0,0
3,"2019-05-31 18:03:11",2,20.0,0
3,"2019-05-31 18:03:11",3,71.0,0
3,"2019-05-31 18:13:11",2,20.0,0
3,"2019-05-31 18:13:11",3,71.0,0
3,"2019-05-31 18:23:11",2,20.0,0
3,"2019-05-31 18:23:11",3,70.0,0
3,"2019-05-31 18:33:11",2,20.0,0
3,"2019-05-31 18:33:11",3,70.0,0
3,"2019-05-31 18:43:11",2,20.0,0
3,"2019-05-31 18:43:11",3,70.0,0
3,"2019-05-31 18:53:11",2,20.0,0
3,"2019-05-31 18:53:11",3,70.0,0
3,"2019-05-31 19:03:11",2,20.0,0
3,"2019-05-31 19:03:11",3,70.0,0
3,"2019-05-31 19:13:11",2,20.0,0
3,"2019-05-31 19:13:11",3,70.0,0
3,"2019-05-31 19:23:11",2,20.0,0
3,"2019-05-31 19:23:11",3,69.0,0
3,"2019-05-31 19:33:11",2,19.0,0
3,"2019-05-31 19:33:11",3,69.0,0
3,"2019-05-31 19:43:11",2,20.0,0
3,"2019-05-31 19:43:11",3,69.0,0
3,"2019-05-31 19:53:11",2,20.0,0
3,"2019-05-31 19:53:11",3,69.0,0
3,"2019-05-31 20:03:11",2,20.0,0
3,"2019-05-31 20:03:11",3,70.0,0
3,"2019-05-31 20:13:11",2,20.0,0
3,"2019-05-31 20:13:11",3,70.0,0
3,"2019-05-31 20:23:11",2,20.0,0
3,"2019-05-31 20:23:11",3,70.0,0
3,"2019-05-31 20:33:11",2,20.0,0
3,"2019-05-31 20:33:11",3,70.0,0
3,"2019-05-31 20:43:11",2,20.0,0
3,"2019-05-31 20:43:11",3,69.0,0
3,"2019-05-31 20:53:11",2,20.0,0
3,"2019-05-31 20:53:11",3,70.0,0
3,"2019-05-31 21:03:11",2,19.0,0
3,"2019-05-31 21:03:11",3,69.0,0
3,"2019-05-31 21:13:11",2,20.0,0
3,"2019-05-31 21:13:11",3,69.0,0
3,"2019-05-31 21:23:11",2,19.0,0
3,"2019-05-31 21:23:11",3,69.0,0
3,"2019-05-31 21:33:11",2,19.0,0
3,"2019-05-31 21:33:11",3,69.0,0
3,"2019-05-31 21:43:11",2,20.0,0
3,"2019-05-31 21:43:11",3,69.0,0
3,"2019-05-31 21:53:11",2,20.0,0
3,"2019-05-31 21:53:11",3,69.0,0
3,"2019-05-31 22:03:11",2,20.0,0
3,"2019-05-31 22:03:11",3,69.0,0
3,"2019-05-31 22:13:11",2,19.0,0
3,"2019-05-31 22:13:11",3,69.0,0
3,"2019-05-31 22:23:11",2,19.0,0
3,"2019-05-31 22:23:11",3,69.0,0
3,"2019-05-31 22:33:11",2,19.0,0
3,"2019-05-31 22:33:11",3,69.0,0
3,"2019-05-31 22:43:11",2,19.0,0
3,"2019-05-31 22:43:11",3,69.0,0
3,"2019-05-31 22:53:11",2,19.0,0
3,"2019-05-31 22:53:11",3,69.0,0
3,"2019-05-31 23:03:11",2,20.0,0
3,"2019-05-31 23:03:11",3,69.0,0
3,"2019-05-31 23:13:11",2,20.0,0
3,"2019-05-31 23:13:11",3,68.0,0
3,"2019-05-31 23:23:11",2,19.0,0
3,"2019-05-31 23:23:11",3,69.0,0
3,"2019-05-31 23:33:11",2,19.0,0
3,"2019-05-31 23:33:11",3,69.0,0
3,"2019-05-31 23:43:11",2,19.0,0
3,"2019-05-31 23:43:11",3,68.0,0
3,"2019-05-31 23:53:11",2,19.0,0
3,"2019-05-31 23:53:11",3,68.0,0
3,"2019-06-01 00:03:11",2,19.0,0
3,"2019-06-01 00:03:11",3,68.0,0
3,"2019-06-01 00:13:11",2,19.0,0
3,"2019-06-01 00:13:11",3,68.0,0
3,"2019-06-01 00:23:11",2,19.0,0
3,"2019-06-01 00:23:11",3,69.0,0
3,"2019-06-01 00:33:11",2,19.0,0
3,"2019-06-01 00:33:11",3,68.0,0
3,"2019-06-01 00:43:11",2,19.0,0
3,"2019-06-01 00:43:11",3,69.0,0
3,"2019-06-01 00:53:11",2,19.0,0
3,"2019-06-01 00:53:11",3,69.0,0
3,"2019-06-01 01:03:11",2,19.0,0
3,"2019-06-01 01:03:11",3,68.0,0
3,"2019-06-01 01:13:11",2,19.0,0
3,"2019-06-01 01:13:11",3,69.0,0
3,"2019-06-01 01:23:11",2,19.0,0
3,"2019-06-01 01:23:11",3,69.0,0
3,"2019-06-01 01:33:11",2,19.0,0
3,"2019-06-01 01:33:11",3,68.0,0
3,"2019-06-01 01:43:11",2,19.0,0
3,"2019-06-01 01:43:11",3,69.0,0
3,"2019-06-01 01:53:11",2,19.0,0
3,"2019-06-01 01:53:11",3,69.0,0
3,"2019-06-01 02:03:11",2,19.0,0
3,"2019-06-01 02:03:11",3,68.0,0
3,"2019-06-01 02:13:11",2,19.0,0
3,"2019-06-01 02:13:11",3,69.0,0
3,"2019-06-01 02:23:11",2,19.0,0
3,"2019-06-01 02:23:11",3,69.0,0
3,"2019-06-01 02:33:11",2,20.0,0
3,"2019-06-01 02:33:11",3,67.0,0
3,"2019-06-01 02:43:11",2,19.0,0
3,"2019-06-01 02:43:11",3,67.0,0
3,"2019-06-01 02:53:11",2,19.0,0
3,"2019-06-01 02:53:11",3,67.0,0
3,"2019-06-01 03:03:11",2,19.0,0
3,"2019-06-01 03:03:11",3,67.0,0
3,"2019-06-01 03:13:11",2,19.0,0
3,"2019-06-01 03:13:11",3,68.0,0
3,"2019-06-01 03:23:11",2,19.0,0
3,"2019-06-01 03:23:11",3,68.0,0
3,"2019-06-01 03:33:11",2,19.0,0
3,"2019-06-01 03:33:11",3,67.0,0
3,"2019-06-01 03:43:11",2,19.0,0
3,"2019-06-01 03:43:11",3,68.0,0
3,"2019-06-01 03:53:11",2,19.0,0
3,"2019-06-01 03:53:11",3,68.0,0
3,"2019-06-01 04:03:11",2,19.0,0
3,"2019-06-01 04:03:11",3,66.0,0
3,"2019-06-01 04:13:11",2,19.0,0
3,"2019-06-01 04:13:11",3,65.0,0
3,"2019-06-01 04:23:11",2,19.0,0
3,"2019-06-01 04:23:11",3,65.0,0
3,"2019-06-01 04:33:11",2,18.0,0
3,"2019-06-01 04:33:11",3,67.0,0
3,"2019-06-01 04:43:11",2,18.0,0
3,"2019-06-01 04:43:11",3,68.0,0
3,"2019-06-01 04:53:11",2,18.0,0
3,"2019-06-01 04:53:11",3,66.0,0
3,"2019-06-01 05:03:11",2,18.0,0
3,"2019-06-01 05:03:11",3,66.0,0
3,"2019-06-01 05:13:11",2,18.0,0
3,"2019-06-01 05:13:11",3,67.0,0
3,"2019-06-01 05:23:11",2,19.0,0
3,"2019-06-01 05:23:11",3,67.0,0
3,"2019-06-01 05:33:11",2,18.0,0
3,"2019-06-01 05:33:11",3,71.0,0
3,"2019-06-01 05:43:11",2,18.0,0
3,"2019-06-01 05:43:11",3,70.0,0
3,"2019-06-01 05:53:11",2,18.0,0
3,"2019-06-01 05:53:11",3,69.0,0
3,"2019-06-01 06:03:11",2,18.0,0
3,"2019-06-01 06:03:11",3,67.0,0
3,"2019-06-01 06:13:11",2,18.0,0
3,"2019-06-01 06:13:11",3,68.0,0
3,"2019-06-01 06:23:11",2,19.0,0
3,"2019-06-01 06:23:11",3,67.0,0
3,"2019-06-01 06:33:11",2,18.0,0
3,"2019-06-01 06:33:11",3,68.0,0
3,"2019-06-01 06:43:11",2,18.0,0
3,"2019-06-01 06:43:11",3,69.0,0
3,"2019-06-01 06:53:11",2,18.0,0
3,"2019-06-01 06:53:11",3,70.0,0
3,"2019-06-01 07:03:11",2,18.0,0
3,"2019-06-01 07:03:11",3,70.0,0
3,"2019-06-01 07:13:11",2,18.0,0
3,"2019-06-01 07:13:11",3,68.0,0
3,"2019-06-01 07:23:11",2,19.0,0
3,"2019-06-01 07:23:11",3,68.0,0
3,"2019-06-01 07:33:11",2,18.0,0
3,"2019-06-01 07:33:11",3,69.0,0
3,"2019-06-01 07:43:11",2,18.0,0
3,"2019-06-01 07:43:11",3,70.0,0
3,"2019-06-01 07:53:11",2,18.0,0
3,"2019-06-01 07:53:11",3,71.0,0
3,"2019-06-01 08:03:11",2,18.0,0
3,"2019-06-01 08:03:11",3,71.0,0
3,"2019-06-01 08:13:11",2,19.0,0
3,"2019-06-01 08:13:11",3,71.0,0
3,"2019-06-01 08:23:11",2,19.0,0
3,"2019-06-01 08:23:11",3,69.0,0
3,"2019-06-01 08:33:11",2,19.0,0
3,"2019-06-01 08:33:11",3,68.0,0
3,"2019-06-01 08:43:11",2,19.0,0
3,"2019-06-01 08:43:11",3,68.0,0
3,"2019-06-01 08:53:11",2,19.0,0
3,"2019-06-01 08:53:11",3,70.0,0
